#=SORT(GOOGLEFINANCE("KRX:KOSPI200", "all", DATE(2003,1,1), DATE(2017,3,31), "DAILY"), 1, FALSE)
# Open,High,Low,Close => 3531
80.59,81,79.29,80.72
82.86,84.32,82.57,84.15
84.65,85.07,83.69,84.92
86.55,86.6,83.01,83.03
83.57,84.15,82.83,82.97
81.88,82,80.04,80.04
81.79,81.96,78.61,79.93
79.76,82.58,79.39,82.58
82.24,83.15,81.46,82.79
83.62,84,81.86,82.52
81.35,82.7,80.83,82.58
81.45,82.67,80.96,80.96
79.82,80.76,79.63,80.72
80.88,80.93,79.35,80.5
79.74,80.37,78.52,79.23
79.21,79.83,78.22,79.57
79.63,80.22,76.94,77.54
76.07,76.07,74.73,75.45
75.14,76.46,74.97,76.46
76.52,76.65,73.83,74.15
74.92,75.49,74.44,75.22
75.25,76.66,74.46,76.3
76.5,76.93,75.74,76.7
75.96,77.08,75.56,76.23
76.37,76.57,74.32,74.74
74.49,74.5,72.3,73.17
72.6,73.48,72.44,73.16
73.85,74.26,71.09,73.01
72.62,74.02,72.55,74.02
74.27,74.33,72.5,72.92
72.82,73.11,71.79,72.86
74.84,76.4,74.54,76.32
76.39,76.93,75.24,76.55
77.8,78.35,76.16,76.22
76.32,77,75.88,76.89
76.84,76.84,75.73,76.61
77.31,78.77,77.31,78.32
76.76,76.85,75.13,75.13
75.4,75.83,74.65,74.83
73.6,74.21,72.93,73.8
74.28,74.51,72.56,72.85
73.32,74.92,73.18,74.87
73.65,73.73,72.6,73.07
71.83,71.87,70.61,70.95
71.57,71.58,69.88,70.37
69.45,70.57,68.98,69.33
69.32,69.7,68.82,69.26
67.67,68.62,67.54,67.79
67.65,68.06,66.76,67.65
67.53,67.84,65.42,67.84
69.81,69.95,68.08,68.51
68.28,68.28,65.25,65.64
68.5,68.77,67.12,68.49
68.16,69.71,68.12,69.05
70.63,72.43,69.87,72.4
72.52,73.51,71.98,73.37
73.76,73.76,72.33,72.58
70.14,71.16,70.08,70.7
71.6,72,70.13,70.58
70,70.17,69.46,69.82
70.22,70.77,69.21,70.77
69.63,69.86,67.89,68.05
67.19,68.41,66.66,68.4
68.72,69.09,67.65,69
70.7,70.77,69.06,69.28
68.62,71.12,68.12,70.99
72.16,75.11,71.64,74.63
73.36,75.63,73.06,74.83
74,74.17,72.44,72.45
72.46,73.67,71.95,73.56
73.45,76.12,73.04,74.22
75.14,76.99,74.99,75.75
77.33,77.56,76.34,77.13
78.63,79.79,78.36,79.26
78.35,79.04,77.99,78.11
79.49,79.74,78.54,79.67
79.54,80.04,78.44,79.06
78.26,78.26,76.5,76.71
77.48,77.87,76.04,76.06
76.09,76.47,74.26,74.79
73.47,73.47,71.29,72.07
71.14,72.96,70.74,72.41
73.92,76.39,73.71,76.15
76.11,77.08,75.57,76.45
76.57,76.87,74.15,76.12
76.86,77.76,76.71,77.01
77.87,78.9,77.3,78.85
78.04,78.94,77.53,78.9
80.58,81.33,80.33,80.45
80.5,80.84,78.07,78.19
77.7,78.52,77.04,77.57
78.05,78.97,76.97,78.8
78.73,79.17,77.16,77.56
76.61,76.61,75.14,75.63
74.27,76.41,74.09,76.4
76.06,76.52,75.58,76.16
75.92,77.13,74.9,75.43
76.38,77.65,76.16,77.56
77.47,78.96,77.03,78.39
78.66,78.68,77.24,77.94
79.91,80.15,79.02,79.82
79.25,80.9,79.13,80.4
80.34,80.85,79.61,80.53
81.92,82.67,81.73,82.55
81.57,81.83,80.5,80.95
81.63,81.68,80.32,81.4
82.38,82.46,81.62,81.74
81.5,83,81.21,82.86
82.2,83.21,82.02,82.77
83.03,83.86,82.79,82.93
83.86,84.36,83.24,83.82
84.49,85.48,83.54,84.79
84.28,84.57,83.44,83.72
85.82,86.29,85.39,85.92
85.76,86.8,85.59,86.04
86.75,88.12,86.52,88.11
87.27,88.16,87.22,87.55
87.5,87.58,85.84,86.06
84.71,84.9,84.12,84.67
84.99,86.16,84.92,86.04
85.32,86.88,85.23,86.37
87.22,87.77,86.31,86.53
86.04,86.2,85.1,85.47
84.99,86.15,84.56,86.15
87.25,87.78,86.93,87.61
89.03,89.44,87.47,87.73
87.75,88.7,87.43,88.59
89.4,90.08,89.06,90.07
91.58,91.58,90.36,90.69
90.66,90.91,90.12,90.28
89.74,90.93,89.61,89.61
88.79,90.21,88.42,90.15
90.81,92.39,90.29,92.32
92.65,92.84,91.23,91.41
92.4,92.65,90.9,91.9
89.75,90.69,89.41,89.63
89.6,90.07,88.68,88.88
88.63,89.88,88.63,89.8
90.2,90.34,88.85,89.21
88.84,90.47,88.45,90.11
89.5,90.41,89.22,90.34
91.7,92.22,91.55,92.06
92.12,92.75,91.72,92.73
92.59,92.94,91.55,91.56
91.91,92.19,91.05,91.52
92.23,93.63,92.15,93.46
92.45,93.08,92.14,92.31
92.94,93.38,92.61,92.76
91.27,91.6,90.57,90.84
91.05,91.08,90.18,91.06
91.12,91.35,90.24,90.24
89.73,90.39,88.84,90.39
90.71,90.86,89.73,89.92
90.5,91.57,90.38,91.46
91.58,93.38,91.48,93.38
93.58,94.39,93.38,93.73
95.81,95.83,94.9,95.2
95.23,95.88,94.79,94.87
95.48,97.18,95.48,97.18
97.22,97.81,96.79,97.23
97.13,98.02,96.87,97.45
97.1,97.26,96.38,96.91
97.53,98.32,97.28,97.64
98.23,98.47,96.27,96.71
97.22,97.68,95.91,97.59
98.07,98.4,97.55,98.23
98.8,98.86,98.12,98.54
99.1,99.21,98.1,98.53
98.75,99.02,98.22,98.26
98.58,98.94,97.69,97.93
97.7,98.06,97.24,97.89
98.35,100.06,98.35,98.87
98.52,98.85,96.94,96.94
96.71,98.32,96.65,98.25
99.32,99.45,98.39,98.7
98.94,99.02,97.33,97.53
98.57,98.68,95.72,96.13
95.24,95.27,91.75,91.78
91.7,92.44,90.2,92.3
92.61,93.2,91.86,93.09
90.84,91.8,89.73,91.66
90.34,91.36,89.46,89.51
89.47,89.73,88.25,89.37
90.15,91.13,89.55,89.55
88.65,90.63,88.38,90.63
92.22,92.46,91.03,92.05
93.17,93.57,92.54,93.06
93.32,93.69,92.96,93.65
94.19,94.24,92.89,93.1
93.16,94.99,93.11,94.99
94.81,98.24,94.81,97.98
97.52,98.83,96.48,97.79
98.65,99.86,98.63,99.11
99.74,99.98,98.2,98.79
98.07,100.56,97.91,100.56
100.56,101.44,99.33,99.33
99.17,100.81,99.01,100.58
101.12,101.74,100.05,101.04
101.11,101.66,100.09,100.99
98.94,99.47,97.03,97.59
97.31,98.28,96.09,96.74
97.41,98.62,97.07,98.62
98.47,101.52,98.32,100.53
102.2,103.02,101.1,101.1
101.79,102.25,100.92,101.98
102.25,102.48,100.51,101.44
101.55,102.97,100.83,102.74
103.81,104.13,102.62,103.29
103.29,104.74,102.99,104.56
105.09,105.37,102.36,102.36
103.22,104.23,102.32,104.23
103.81,103.99,102.09,103.16
102.1,102.34,101.22,102.02
102.08,103.6,101.8,103.41
104.72,105.89,104.5,105.89
105.45,106.54,105.16,105.35
104.46,104.49,102.6,103.21
103.22,104.15,102.27,104.11
102,102,99.83,100.17
100.6,100.98,99,99.8
99.08,100.99,98.8,99.94
99.3,99.85,97.48,97.61
99.6,99.99,98.83,99.71
99.95,101.78,99.85,101.6
101.63,101.93,100.81,101.6
101.9,103.66,101.9,103.61
103.58,105.52,102.79,104.9
105.67,105.72,104.63,104.86
104.7,105.87,103.85,104.79
104.28,104.88,103.61,103.99
103.55,103.58,101.87,101.87
100.55,102.26,100.17,101.3
102.04,102.39,101.29,101.64
99.91,102.69,99.83,102.69
103,104.25,102.12,102.12
104.2,104.83,103.54,104.32
106.37,106.83,105.56,106.48
104.41,105.72,104.04,104.76
105.56,105.6,103.05,103.05
103.5,104.49,102.81,104.45
105.51,105.82,104.74,105.04
104.85,105.57,104.16,104.16
104.89,105.31,103.87,103.89
104.8,104.83,102.75,102.77
102.72,103.17,102.03,102.43
101.23,102.94,101.22,102.79
104.19,105.45,103.78,105.21
105.9,106.77,105.63,106.65
106.01,107.23,105.96,107.07
108.02,108.02,106.41,106.9
107.29,108.02,107.15,107.54
108.14,109.31,107.2,107.2
108.79,110.89,108.75,110.26
110.05,111.54,109.6,111.1
111.69,111.69,110.18,110.71
110.56,111.73,110.14,110.98
110.85,111.24,109.82,110.34
111.48,111.58,110.25,110.63
111.56,112.29,111.13,111.96
111.57,113.08,111.49,112.63
113.51,114.12,112.73,113.68
114.27,114.27,112.68,113.02
112.58,113.9,112.44,112.59
111.46,111.84,110.93,111.66
111.72,112.41,110.54,110.89
111.16,111.73,110.76,111.68
111.37,111.37,109.32,109.61
109.48,109.96,108.83,108.96
108.97,109.89,108.81,109.77
109.98,111.61,109.57,111.16
112.62,113.51,112.47,113.18
113.33,113.84,112.9,113.46
113.98,115.12,113.92,114.92
115.67,115.72,114.39,115.2
114.91,115.95,114.07,115.75
115.29,116.22,114.94,115.63
115.99,116.65,115.5,116.03
116.67,116.85,114.87,114.87
115.33,116.03,114.61,115.65
114.83,115.32,114.35,115.03
114.67,115.62,113.7,115.05
114.33,115,113.29,113.32
113.41,114.08,113.09,113.63
114.09,114.49,112.97,113.44
113.5,115.92,112.96,115.92
117.22,118.21,117.2,118.07
117.8,118.28,117.57,117.57
117.89,119.46,117.72,119.28
119.19,119.47,118.76,118.88
119.37,119.64,117.98,118.1
116.86,117.23,116.48,116.82
116.23,116.63,114.5,114.74
113.86,115.11,113.41,113.87
113.48,113.57,107.87,111.23
112.23,112.53,111.15,111.63
110.64,111.49,109.82,111.49
112.54,114.61,112.41,114.55
115.45,115.5,113.98,114.55
114.76,116.02,113.99,116.02
115.37,115.7,113.14,113.31
112.14,114.15,111.43,113.72
112.89,113.88,112.33,113.18
113.29,114.19,111.58,112.16
113.89,114.93,113.28,113.64
114.2,115.64,114.06,115.1
115.78,115.78,114.64,114.98
116.21,116.48,114.28,115.98
115.75,116.43,115.27,116.34
116.8,117.33,116.32,116.35
118.58,119.59,118.39,119.57
119.61,120.84,119.13,120.05
120.53,121.04,119.77,121.04
120.1,120.1,118.66,119.27
119.19,122.04,119.19,120.99
121.79,122.11,120.47,120.65
119.56,120.86,119.2,120.59
118.8,119.32,117.82,117.97
118.22,118.49,116.89,118.49
119.57,120.64,118.49,120.6
119.35,122.13,119.35,121.93
122.01,122.19,120.46,120.76
122.52,122.66,121.26,122.44
122.17,122.2,120.23,120.3
120.11,120.62,119.3,119.7
119.95,120.26,117.48,117.48
115.91,116.74,113.7,114.01
113.05,113.92,110.95,112.4
112.47,113.13,111.59,112.84
113.47,114.2,112.66,112.92
112.44,112.53,108.84,108.97
109.03,109.98,106.72,109.38
108.47,108.49,100.31,102.94
102.85,104.39,101.03,102.73
104.11,106.59,103.79,106.05
105.58,105.76,102.14,102.14
103.29,103.79,97.97,99.11
98.91,99.9,93.53,94.05
93.58,96.89,92.63,96.09
97.44,101.9,97.29,100.92
99.3,101.67,98.22,99.66
101.41,102.13,99.64,102.13
103.42,104.02,102.48,103.68
102.44,102.5,100.62,101.64
104.11,105.26,103.43,104.09
105.38,106.03,104.63,105.82
105.24,105.25,102.7,104.14
104.72,105.96,104.21,105.74
104.72,105.07,103.11,104.06
104.93,105.17,99.51,99.51
99.91,101.14,98.83,100.95
101.99,105.02,101.97,105.02
106.02,106.52,104.16,104.73
105.81,106.36,102.53,102.59
101.34,102.41,100,100.58
100.28,100.29,95.93,96.39
95.43,97.87,94.7,94.9
96.19,96.82,93.52,96.78
97.4,99.23,96.04,96.84
97.52,98.02,95.6,98.02
96.89,97.21,94.46,95.74
96.24,98.01,96.02,96.8
96.12,96.86,94.53,96.48
97.48,97.81,95.32,95.56
97.5,98.88,96.8,98.85
98.88,101.21,98.52,101.08
100.88,101.22,98.91,99.85
99.29,101.05,98.82,100.81
101.37,102.1,100.7,101.85
101.68,102.81,100.55,100.8
98.97,99,97.59,97.75
97.68,98.23,96.24,97.91
97.43,98.92,97.15,98.19
95.96,98.47,95.06,98.46
97.32,97.99,95.78,95.78
96.1,97.09,95.47,96.51
97.25,98.04,95.68,96.45
97.4,97.44,95.59,97.11
96.33,97.18,94.88,95.09
95,95.47,93,94.64
94.05,95.81,92.62,95.6
94.4,97.11,94.26,97.11
95.97,96.42,95.29,95.29
97.16,97.93,96.75,97.51
95.55,96.34,94.79,96.08
96.07,96.18,94.83,95.38
94.36,95.62,94.3,95.22
95.12,95.87,94.14,95.66
96.82,97.11,95.93,96.55
96.32,96.32,94.57,94.59
95.59,96.05,95.05,95.27
94.66,94.66,93.19,93.19
94.26,94.42,93.7,94.21
93.27,94.59,92.49,94.59
94.68,96.31,94.13,96.31
94.93,96.37,94.84,94.84
94.14,96.12,93.6,96.08
95.54,96.77,95.45,96.72
97.29,98.08,97.1,97.23
97.53,99.06,97.25,99.05
98.47,100.4,98.22,100.15
99.9,100.36,98.76,99.72
100.72,100.8,98.64,98.97
99.22,99.82,98.73,99.48
100.39,101.48,100.39,101.18
100.68,101.17,100.46,100.86
101.52,102.21,100.27,100.92
101.44,101.64,100.11,101.5
101.24,103,101.12,102.87
103.32,103.88,103.04,103.25
103.58,103.78,102.72,103.38
103.51,104.05,102.82,103.07
102.33,102.94,102.17,102.89
102.83,104.75,102.67,104.69
104.83,105.66,104.48,105.66
105.83,105.97,104.2,104.84
105.13,105.66,104.45,105.52
105.18,105.66,104.61,104.97
105.11,106.04,104.41,104.44
104.47,105.54,103.49,105.39
105.88,107.48,104.59,107.32
108.15,109.6,108.06,109.56
110.28,110.46,108.91,109.27
109.21,110.04,108.96,109.27
108.67,111.25,108.42,110.2
109.92,110.75,108.92,109.32
109.49,111.26,109.48,110.38
110.72,111,109.96,110.42
111.08,111.24,107.53,107.53
106.75,107.46,106.22,106.94
106.74,107.68,105.94,107.33
107.06,108.19,106.81,107.69
107.96,109.42,107.87,109.42
111.14,114.02,111.08,114.02
114.21,114.4,113.32,114.04
114.1,115.69,113.33,114.44
114.48,115.02,113.37,114.17
113.24,115.2,113.23,113.82
113.16,113.96,112.76,113.82
113.5,113.5,110.47,110.47
111.23,111.59,109.86,110.42
109.36,109.73,108.03,109.17
107.97,109.48,107.21,108.42
108.79,109.8,108.24,109.24
110.88,111.26,109.65,110.24
109.59,109.92,106.78,106.93
107.2,107.51,104.94,105.78
106.25,107.29,106.04,106.8
105.24,105.33,103.25,104.13
104.73,105.46,104.43,104.98
105.98,106.2,103.64,104.63
106.81,107.77,106.18,107.77
106.82,108.01,106.19,107.99
107.69,108.87,107.53,108.17
108.67,110.1,108.49,109.67
109.98,111.59,109.3,111.58
111.41,111.41,110.3,110.3
111.76,112.13,111.04,111.52
112.17,112.19,109.32,109.34
109.27,109.97,108.51,109.04
109.53,111.19,109.53,111.19
110.67,112.1,110.51,111.24
113.21,114.21,112.58,113.41
113.78,115.38,113.35,114.09
114.16,114.53,113.17,113.3
114.12,115.17,113.7,114.61
114.64,114.94,113.25,113.33
113.81,114.23,111.62,112.07
110.8,110.88,108.9,109.83
110.85,111.41,109.87,111.18
110.97,112.86,110.39,112.74
112.84,113.63,112.36,112.59
113.31,114.24,110.47,110.68
111.08,111.97,110.34,111.62
111.55,113.4,110.52,113.4
112.88,113.51,112.37,113.09
115.03,115.38,113.79,114.06
114.97,115.38,113.2,113.96
112.92,113.04,111.83,112.37
112.04,112.62,111.01,111.01
110.24,112.16,110.19,112.16
112.03,112.28,110.14,110.88
111.01,111.09,108.15,108.57
108.09,108.88,107.61,108.36
108.63,109.5,108.27,109.38
110.13,111.91,109.83,111.87
112.04,113.29,111.92,112.51
112.62,113.47,111.81,112.63
112.2,113.46,111.97,113.45
113.22,114.05,112.59,113.51
114.28,114.57,113.22,113.66
114.46,114.46,112.15,112.54
112.69,113.15,112.14,113.15
113.5,113.61,112.44,113
112.8,113.46,112.48,113.25
111.96,113.84,111.75,113.84
114.07,115.32,113.92,115.25
115.65,115.9,114.99,115.36
115,115.8,114.5,114.77
113.41,114.65,113.17,114.65
113.88,114.97,112.94,112.94
113.61,113.94,112.18,112.71
113.01,113.36,112.07,113.27
113.33,114.66,112.73,114.66
114.71,114.94,113.79,114.09
114.26,115.08,113.69,115.01
114.23,117.82,113.91,117.82
118.96,120.28,118.7,119.91
119.91,120.42,119.49,119.5
119.85,120.4,118.66,118.9
118.05,118.74,117.72,118.02
118.14,119.41,117.62,119.4
119.19,120.66,118.34,119.83
118.92,119.25,118.35,118.91
119.36,120.95,119.16,120.51
120.65,121,119.61,120.16
120.14,120.25,118.98,119.65
119.45,121.21,119.45,121.06
120.74,120.97,119.91,120
120.3,120.37,119.41,119.74
119.88,120.8,119.71,120.64
120.5,121.65,120.18,121.3
122.41,123.27,122.25,123.2
122.6,122.99,121.39,122.84
124.06,125.44,123.65,124.94
124.99,125.49,124.37,125.48
126.08,126.82,125.13,125.85
126.04,126.22,125.4,125.93
125.47,127.43,125.14,127.43
128.44,128.44,127.29,128.09
127.97,128.21,126.43,126.74
125.49,126.04,124.97,125.53
126.13,128.05,125.76,127.81
128.66,129.68,128.25,129.13
129.88,130.9,129.16,130.85
131.21,131.29,129.65,130.14
130.24,131.27,129.37,130.61
130.95,131.15,130.05,130.61
131.77,132.22,128.93,130.11
130.54,130.77,128.83,129.21
128.83,130.26,127.92,130.26
130.07,130.79,128.76,128.76
129.84,131.98,129.79,131.97
131.34,131.67,130.92,131.47
131.96,131.99,127.86,127.95
127.64,128.71,126.76,128.17
126.92,127.65,125.59,126.68
126.88,127.89,126.52,126.82
126.77,127.92,125.46,126.84
126.69,127.59,125.9,126.87
126.08,126.95,124.77,125.16
125.54,125.84,123.06,123.8
124.38,125.09,123.88,125.07
125.61,127.17,125.61,126.72
126.65,126.72,123.73,124.13
123.26,123.87,122.51,123.49
125.31,125.4,124.26,124.78
124.65,127.07,124.61,126.88
126.77,127.29,126.15,127.22
127.61,128.2,126.18,127.85
128.23,128.42,127.46,127.92
128.86,129.01,128.12,128.44
127.95,127.96,127.09,127.59
127.23,127.72,126.86,127.24
127.84,127.98,126.98,127.28
126.17,126.26,123.29,123.29
123.49,123.61,121.49,122.41
120.27,120.82,118.79,119.76
120.64,121.18,120.17,120.5
121.58,122.68,120.12,121.05
119.44,121.66,118.33,121.31
123.03,123.05,121.36,121.36
120.79,122.24,120.27,122.08
122.21,122.56,121.82,121.92
120.85,120.85,119.23,119.96
120.1,120.19,118.36,118.36
117.06,118,116.54,117.58
118.29,118.48,117.68,118.46
118.81,119.12,117.47,117.89
118.15,120.19,118.15,119.95
120.4,121.54,120.37,121.26
121.41,121.45,119.36,120.48
121.01,121.26,120.3,120.4
119.48,119.66,118.66,119.02
119,119.74,118.69,118.69
118.38,119.1,117.2,118.87
119.13,120.5,119.1,119.65
120.9,121.25,118.75,119.51
120.6,120.84,119.55,120.08
121.53,123.13,121.53,123.04
123.35,123.57,122.47,123.02
123.38,123.38,122.24,122.87
123.34,123.43,122.36,122.91
122.82,123.39,121.18,121.37
121.24,121.7,121.05,121.7
123.03,124.22,122.58,123.89
124.02,124.65,123.78,124.64
124.66,125.12,123.56,124.84
124.06,125.2,124,124.9
125.87,126.19,125.04,125.04
125.2,125.7,124.89,125.7
125.62,125.62,124.56,124.79
124.48,125.76,124.46,125.62
125.12,127.22,124.89,127.22
127.04,128.2,126.67,127.68
127.93,128.8,127.49,127.65
127.51,128.15,126.72,126.9
127,129.27,126.6,129.27
129.04,129.73,128.87,129.27
129.69,129.78,128.49,129.33
129.38,129.43,127.76,128.17
127.86,128.63,127.15,127.66
127.46,129.38,127.13,129.24
129.26,130.41,129.02,130.39
129.17,129.91,128.17,129.08
128.32,128.46,126.78,127.45
127.23,127.99,126.99,127.92
128.57,129.39,127.77,128.41
128.2,129.72,128.2,129.43
128.8,130.6,128.56,130.59
131.16,131.39,130.62,130.95
131.12,131.47,130.37,130.54
131.15,131.36,130.29,130.65
130.24,132.05,130.15,131.72
131.85,132.19,131.09,131.28
132.99,134.29,132.87,133.88
134.88,135.19,134.08,134.26
134.79,135.36,134.03,135.25
136.09,137.35,135.61,136.98
137.37,137.55,136.27,136.48
136.73,137.73,136.1,136.78
136.76,138.66,136.74,138.66
138.84,140.13,137.81,138.57
139.78,140.13,137.77,138.62
137.63,138.86,137.06,138.37
138.6,140.59,138.39,140.55
140.58,141.18,139.95,140.53
140.75,141.55,139.56,140.73
141.86,142.6,141.3,142.38
143.53,143.53,141.95,143.32
143.67,144.1,142.84,143.96
144.12,144.3,143.14,144.3
145.4,145.81,144.18,144.21
144.55,144.89,142.7,143.52
141.9,142.32,140.1,140.7
139.78,140.68,139.5,140.49
140.01,142.12,139.47,142.11
142.59,144.02,142.07,142.7
142.64,145.35,142.61,145.35
145.75,146.25,144.81,146.04
146.26,147.11,144.17,144.3
143.13,144.05,142.21,143.87
144.19,144.22,141.15,141.16
140.55,141.09,139.23,140.68
141.48,144.4,140.97,144.4
144.61,145.17,143.32,144.27
143.71,143.72,140.48,141.27
140.12,142.74,139.25,141.75
141.76,142.61,140.36,140.36
137.85,138.62,136.83,137.42
138.93,139.45,136.31,138.68
138.21,140.34,137.99,140.09
141.45,143.15,141.22,143.13
143.59,144.73,143.4,144.3
144.88,145.1,143.72,144.06
144.86,147.03,144.7,145.21
147.04,147.95,146.58,147.95
149.27,149.61,147.13,148.41
148.47,149.34,147.6,149.34
150.08,151.3,149.91,150.13
150.39,151.33,149.12,150.29
149.87,152.03,149.55,152.03
151.18,153.22,150.64,151.99
152.45,152.93,151.29,152.55
154.98,154.98,153.16,154.69
154.31,155.83,153.99,155.34
154.48,155.78,154.04,155.71
155.5,155.6,152.38,152.39
153.2,156.39,153.2,156.39
156.7,156.86,155.39,156.52
156.77,158.88,156.35,158.88
159.05,159.41,157.68,159.06
159.85,159.97,157.17,157.55
158.49,160.68,158.49,160.43
160.33,160.68,157.44,158.1
156.2,156.38,154.16,154.65
153.67,156.34,153.41,154.4
155.66,158.04,155.49,157.82
157.05,160.06,156.67,160.06
159.99,160.26,156.09,156.33
154.82,155.01,152.18,152.85
154.07,154.74,150.92,152.48
153.23,153.75,150.14,150.85
151.67,153.03,151.44,152.26
150.8,150.8,147.53,148.11
150.39,150.88,148.72,149.41
147.39,152.22,147.2,152.22
152.98,153.48,151.12,152.27
154.22,154.93,151.39,151.76
152.18,152.46,150.35,151.45
150.92,152.46,149.59,149.88
147.58,147.74,146.11,146.55
148.15,149.09,146.84,148.84
149.9,153.33,149.83,152.98
153.8,155.68,153.28,155.6
157.21,157.21,156.05,156.89
157.53,158.35,156.34,157.28
157.88,157.9,154.93,156.75
156.9,157.72,156.22,157.72
157.44,159.39,156.65,157.87
157.76,158.8,157.39,158.69
160.36,161.89,160.36,161.81
162.3,162.6,161.39,162.02
161.62,162,159.19,161.49
160.74,163.27,160.4,163.24
163.13,163.93,162.16,163.38
164.4,164.92,162.63,163.74
164.24,164.44,161.83,163.1
162.64,162.65,159.23,159.68
160.61,164.74,160.4,164.47
165.55,166.15,164.38,165.56
165.87,166.24,164.45,165.51
165.91,166.08,164.63,165.52
164.54,165.72,162.72,163.7
164.23,166.53,164.23,165.95
165.68,167,164.77,166.97
168.66,168.76,167.52,167.56
167.84,168.28,167.11,168.23
167.79,169.69,167.03,169.24
169.11,170.74,168.51,170.21
169.84,170.7,168.32,170.13
169.45,171.15,168.53,169.16
169.7,171.98,169.7,171.35
171.82,172.15,170.55,171.65
172.95,173.44,170.03,171.15
171.77,172.4,170.18,171.56
169.74,170.74,168.64,169.45
170.07,171.92,169.4,171.91
171.04,172.46,170.8,172.05
172.56,174.27,172.38,173.95
174.87,175.32,172.71,173.89
174.98,175.19,173.69,175.11
175.74,176.81,175.51,176.27
176.77,177.53,176.57,177.2
174.94,176.36,174.39,176.16
176.55,177.96,176.25,177.43
177.79,178.33,176.05,178.29
178.69,178.86,176.53,178.81
180.57,181.01,179.49,179.91
180.31,180.31,176.84,178.82
179.33,180.87,178.79,180.87
181.95,181.99,179.82,180.3
180.92,181.62,177.88,178.98
178.67,179.5,177.42,178.67
179.33,180.91,179.23,179.65
179.2,181.71,177.82,181.71
182.56,182.78,180.72,182.39
182.62,183.02,178.24,178.27
176.82,176.95,171.46,173.81
174.39,175.8,173.26,174.93
176.04,177.14,170.22,170.6
168.55,171.32,166.62,168.04
169.39,172.09,167.73,171.79
173.56,174.78,172.66,173.52
174.45,174.72,171.72,174.71
176.69,178.65,175.88,178.64
179.4,180.69,176.98,178.07
179.52,179.79,175.79,177.92
175.8,176.48,172.35,172.67
171.77,173.77,169.27,173.66
173.66,175.07,172.07,172.39
171.5,173.93,169.16,169.44
171.5,172.01,169.84,170.93
171.9,173.29,169.99,172.68
173.15,173.17,169.04,170.61
169.89,171.93,168.29,171.65
173.46,173.47,167.84,168.31
168.8,170.64,167.72,169.8
171.3,172.47,169.93,172.4
172.78,175.62,171.7,174.28
174.56,174.88,173.07,174.04
173.85,175.49,171,173.26
174.29,176.33,174.01,176.18
176.61,177.13,175.23,176.96
176.81,178.11,176.12,178.1
178.37,178.69,176.43,177.45
178.3,178.4,176.83,176.85
176.52,176.78,171.19,171.67
172.23,173.86,171.01,173.86
172.78,172.78,169.75,170.13
168.35,170.91,167.39,169.76
169.72,171.11,169.17,169.17
169.82,171.65,168.9,170.37
172.04,172.84,171.45,172.82
173.07,173.16,169.71,171.1
172.59,173.4,171.95,172.28
173.27,174.29,172.2,172.66
172.1,173.81,170.59,173.48
173.36,174.81,172.64,174.26
174.31,174.47,172.61,172.87
171.52,171.53,168.67,169.28
170.81,171.7,168.09,169.68
169.61,170.86,168.47,170.86
170.41,173.06,170.36,172.44
172.14,173.17,171.48,172.77
171.12,173.55,170.46,172.96
173.78,174.32,172.77,173.61
173.61,176.37,173.35,176.21
176.45,179.22,176.36,178.89
178.92,180.23,178.21,179.77
181.13,182.42,179.88,181.1
181.19,181.97,180.34,181.97
180.86,181.94,180.42,181.31
180.88,181.19,177.84,179.61
178.23,179.19,177.69,179.13
179.11,181.91,178.75,181.91
182.55,185.95,181.88,185.67
185.95,186.21,183.5,184.3
183.35,185.84,183.28,184.9
187.4,188.06,185.91,186.34
186.59,187.39,185.41,185.86
186.67,189.18,186.15,188.2
187.71,187.71,184.72,185.41
184.84,186.94,183.93,185.54
185.89,188.34,185.49,188.34
188.8,189.29,187.51,188.4
187.1,187.1,183.23,184.1
184.13,186.19,182.64,186.17
186.92,188.61,186.02,186.03
186.23,187.09,184.67,186.98
189.44,189.79,188.32,188.79
188.75,189.99,188.04,188.51
188.33,189.18,187.3,188.62
188.25,190.2,187.65,190.2
188.06,188.79,185.22,187.27
184.41,184.42,182.07,183.08
183.32,183.39,177.85,179
179.72,182.04,179.71,181.69
176.26,177.47,175.79,177.18
177.13,177.95,174.58,177.94
178.42,178.43,173.55,173.6
171.66,173.49,170.57,172.78
172.38,173.69,169.32,173.36
173.23,173.28,168.28,168.33
170.99,172.44,170.52,171.83
173.31,174.21,172.41,172.64
172.59,172.79,170.15,171.01
169.84,171.2,167.93,168.03
170.38,170.67,166.68,169.85
170.81,170.81,167.93,168.83
165.23,166.12,163.78,164.17
163.22,163.65,158.11,158.11
159.92,160.23,157.32,159.61
158.91,160.07,157.31,160.05
156.95,157.43,155.12,155.43
154.15,158.94,153.89,157.7
159.07,160.04,156.43,157.36
160.87,163.41,160.81,163.05
162.11,162.89,160.45,161.79
160.88,160.93,157.81,158.48
158.91,159.38,157.21,158.63
161.15,161.43,159.69,160.2
158.5,158.95,156.54,158.88
158.73,160.43,158.02,160.18
161.18,162.2,160.75,161.36
158.61,160.19,158.11,160.18
161.31,164.09,161.31,163.3
166.96,167.6,166.48,167.45
167.34,167.83,166.07,167.33
168.64,168.81,165.98,166.15
162.85,166.29,162.71,165.51
164.3,165.18,162.17,163.47
164.79,165.36,163.88,164.7
163.64,168.3,163.01,168.27
167.77,168.68,166.83,168.45
168.82,169.89,167.24,167.93
166.19,168.3,164.65,166.35
163.11,163.11,161.22,162.33
160.45,160.88,159.39,159.69
160.06,161.25,159.34,159.76
163.85,165.15,163.33,165.11
163.46,165.04,163.29,165
163.27,164.53,161.52,163.93
165.8,167.22,165.79,166.25
166.88,167.08,165.82,166.1
166.28,169.03,165.85,168.52
168.03,169.23,167.98,168.54
170.81,171.12,168.51,168.51
168.35,169.82,167.01,167.14
166.46,168.27,165.86,168.27
169.29,169.61,167.39,167.94
168.49,169.83,168.49,169.68
170.21,170.25,167.57,167.61
167.81,170.68,167.8,170.68
170.17,172.08,168.77,171.11
170.6,171.08,168.02,169.44
170.51,171.24,167.6,167.65
168.11,169.43,167.12,168.19
170.43,171.58,169.74,171.01
172.4,173.74,172.4,172.65
172.94,173.87,172.21,173.17
173.46,174.13,171.21,171.96
171.97,173.97,171.96,173.81
173.42,173.52,171.65,172.33
171.94,171.97,170.23,171.08
171.32,173.58,171.24,172.92
172.98,173.79,172.27,172.64
173.79,174.94,173.78,174.79
175.01,175.08,173.71,174.16
175.08,176.71,174.51,175.44
175.73,176.06,175.03,175.99
176.97,177.14,176.32,176.32
176.57,176.9,175.99,176.75
176.91,177.25,175.7,176.19
175.49,175.83,174.27,175.43
174.7,176.29,174.58,175.78
176.06,176.06,172.93,173
173.02,173.77,171.71,172.28
174.05,174.16,172.85,172.93
172.96,176.35,172.3,176.35
175.85,176.53,175.21,176.51
176.38,178.81,176.08,178.28
178.41,178.92,177.81,178.32
177.3,177.71,175.81,177.34
178.24,178.99,176.87,177.31
176.22,176.48,174.27,175
175.04,176.45,174.69,176.03
176.78,176.9,173.88,174.58
175.65,176.93,175.62,176.74
177.09,178.36,176.61,178.21
178.67,178.95,177.56,178.05
177.91,179.43,177.53,178.46
177.4,178.21,174.68,175.48
176.22,177.43,169.57,171.78
172.31,173.65,172.24,172.78
171.47,173.43,171.23,172.51
172.54,174.09,172.25,173.1
175.48,176.08,175.04,175.42
176.47,176.77,175.62,176.51
176.98,176.98,174.42,175.85
175.11,176.52,174.11,176.19
176.46,176.82,175.57,176.11
176.49,177.71,176.45,177.35
177.66,177.97,176.51,177.36
178.48,178.6,177.15,177.49
177.78,178.69,177.4,178.2
178.51,179,177.91,178.53
179.06,179.24,176.98,177.85
177.05,177.06,175.65,175.99
176.04,176.91,175.2,176.84
177.76,178.5,176.97,177.94
177.58,179.22,177.41,179.22
179.34,179.42,178.56,179.14
178.51,178.51,176.37,178.41
179.72,180.18,179.19,179.45
179.97,180.27,178.51,178.61
178.93,181.31,178.89,181.31
180.55,181.42,180.29,180.78
181.3,181.35,179.51,180.93
181.75,182.34,181.34,182.3
182.87,183.07,182.11,182.9
183.56,183.56,182.45,182.69
183.18,183.53,182.23,182.94
183.13,183.16,181.41,181.6
181.76,182.25,181.34,182.06
181.92,184.27,181.91,184.24
183.8,184.48,183.12,183.77
183.87,184.36,182.61,183.91
183.61,184.34,183,184.27
181.95,182.76,181.62,182.42
182.69,184.15,182.64,183.8
184.47,185.41,184.47,184.96
185.12,185.54,184.43,185.28
184.83,185.11,184.27,184.31
185.11,185.64,183.5,183.53
183.8,183.83,180.77,182.6
182.35,182.97,181.76,182.19
180.84,180.84,178.94,179.49
179.45,180.25,179.32,179.5
179.7,179.86,177.44,177.93
177.76,179.3,177.49,178.75
179.04,183.57,177.83,183.57
183.51,184.45,182.62,183.82
184.55,186.02,184.54,185.38
185.08,185.82,184.31,184.63
184.92,187.07,184.92,186.54
186.8,187.06,185.48,185.81
185.26,186.29,185.25,185.98
185.59,186.49,184.02,185.62
184.56,184.96,183.46,184.3
185.45,185.93,184.26,185.39
186.02,186.15,184.91,185.7
185.84,186.02,182.13,182.13
182.26,182.3,179.32,180.52
180.71,180.97,177.33,179.1
177.8,178.86,176.45,177.08
177.91,178.58,176.64,177.52
177.22,177.22,173.58,174.99
175.21,177.67,174.99,176.26
178.21,179.64,177.29,179.36
180.55,180.66,179.09,179.82
179.98,180.31,179.14,179.73
180.05,180.05,176.98,178.5
178.33,179.3,177.57,179.12
177.21,177.84,175.62,176.23
176.81,177.01,174.75,176.83
175.44,177.33,175.35,176.9
177.81,179.52,177.64,179.37
180.6,180.6,178.73,179.12
177.83,178.65,176.88,177.58
178.32,178.57,176.2,176.41
176.7,177.68,176.08,177.45
178.01,178.01,175.65,175.99
176.89,179.1,176.21,179.1
179.58,183.23,179.54,183.2
183.21,184.13,182.66,183.73
183.46,185.12,183.17,185.09
185.34,185.39,183.66,184.67
184.43,185.29,183.23,184.25
184.4,185.47,184.13,184.72
183.22,183.22,181.36,182.8
182.59,184.17,182.18,183.29
184.77,186.39,184.77,185.72
187.64,187.71,186.5,186.82
186.9,187.58,186.12,187.57
187.83,188.2,186.85,188.12
188.5,188.7,186.96,187.9
188.09,190.58,188.07,189.72
190.4,190.46,188.87,190.19
189.69,190.24,189.07,190.12
189.93,189.93,188.02,188.15
180.5,183.2,180.27,183.2
181.87,184.02,181.69,182.78
180.94,181.45,177.61,177.69
178.66,181.42,178.66,181.23
182.9,182.91,180.46,182.36
182.07,185.31,181.93,183.94
185.24,185.43,182.83,183.87
184.7,186.42,184.7,186.36
186.32,186.42,185.23,185.72
182.2,183.17,181.54,181.81
183.35,184.75,182.79,184.41
184.59,185,182.84,184.42
184.01,186.55,183.4,186.31
187.02,187.07,185.82,186.34
186.58,187.49,185.22,186.24
187.48,188.13,186.97,187.15
187.39,187.98,186.33,186.89
187.41,188.09,186.43,187.19
187.21,188.18,186.19,187.68
187.48,188.21,185.06,185.96
185.32,187.78,185.01,187.44
188.33,188.58,186.98,187.6
188.05,189.25,187.97,188.56
189.1,189.26,187.67,189.12
190.59,191.98,190,191.77
192,192.07,190.99,191.41
192.22,192.34,190.8,191.63
192.4,193.92,192.34,193.85
193.75,193.94,192.6,193.55
194.75,196.15,194.56,195.27
194.77,196.82,194.38,196.81
196.43,196.77,194.83,195.85
196.24,197.29,195.65,197.1
197.92,197.96,195.97,196.57
197.04,197.86,196.64,197.31
197.6,197.67,193.51,194.59
195.27,197.24,195.27,197.24
198.82,199.88,197.67,198.62
198.69,200.21,197.68,200.02
200.16,200.27,197.17,198.43
200.4,201.23,199.7,199.75
198.76,199.53,197.5,198.28
197.9,198.55,196.88,198.55
199.76,200.43,199.09,199.86
201.12,201.24,200,200.67
201.1,201.56,200.29,201.56
202.45,203.8,202.42,203.57
203.64,204.29,202.76,203.51
203.47,204.77,202.78,204.77
205.94,207.81,205.51,205.51
204.14,206.24,203.33,206.06
207.12,208.46,205.47,206.28
205.54,207.13,204.12,204.22
204.42,205.73,203.79,205.62
207.32,207.49,206.48,207.35
206.96,207.58,205.17,206.69
205.44,208.86,205.41,208.74
209.33,210.74,208.47,210.69
211.22,211.87,210.14,211.15
208.83,210.7,208.63,210.54
211.17,212.05,210.56,211.88
212.38,212.81,210.87,212.06
211.93,211.97,208.82,211.76
214.34,216.67,213.58,216.45
218.01,222.38,217.3,218.74
221.04,222.55,218.68,221.9
221.58,222.97,219.6,222.37
219.75,223.25,219.04,223.17
220.7,221.17,218.36,219.8
221.38,221.7,217.62,218.39
218.02,220.07,217.78,219.94
218.72,219.9,217.8,218.59
221.05,224.46,220.87,224.46
224.85,225.26,223.53,224.61
226.27,228.89,225.92,228.8
229.75,229.75,227.35,229.04
229.76,229.79,225.8,226.58
225.65,229.08,224.83,227.81
228.65,228.86,223.61,224.95
222.73,227.1,222.04,223.4
223.92,224.73,220.36,222.43
222.34,222.34,219.36,220.35
221.93,222.69,220.8,222.6
223.09,224.37,221.24,221.31
220.88,224.78,220.13,224.75
227.29,229.45,226.7,229.29
230.61,233.57,230.38,233.43
233.83,237.03,233.31,234.75
235.5,236.94,233.55,236.52
237.23,240.49,237.23,239.68
240,241.28,239.29,241.02
239.22,242.52,238.48,240.46
241.34,244.74,241.33,242.86
247.55,250.2,247.17,250.19
250.38,251.28,245.85,247.91
248.28,248.46,244.92,244.92
245.43,247.59,243.71,245.7
247.05,251.45,245.62,251.45
250.66,252.47,249.2,252.28
253.18,253.55,250.15,252.61
253.14,254.93,248.75,253.93
254.71,255.38,248.74,248.75
243.56,243.57,236.15,238.34
237.31,241.41,235.22,241.39
242.46,244.34,240.09,244.32
242.63,242.63,231.26,234.36
236.5,238.66,228.41,233.84
236.57,238.95,235.48,236.91
230.97,233.98,230.61,233.92
238.15,238.19,233.23,234.5
237.06,240.48,236.25,240.07
242.85,243.73,239.84,241
233.77,233.95,229.04,230.68
232.19,233.88,229.73,233.88
232.63,234.82,228.31,230.45
222.71,222.99,214.1,215.67
217.05,217.32,207.09,208.57
216.42,220.08,215.31,219.72
220.93,224.12,218.42,220.18
220.9,224,220.24,223.24
228.43,230.82,228.01,228.6
227.67,228.91,225.18,227.18
231.37,232.65,228.57,228.65
229.11,232.38,227.23,232.38
225.41,233.06,225.31,232.32
236.52,237.45,233.51,234.22
234.38,238.54,234.36,238.28
238.64,239.11,236.51,238.72
238.7,241.25,237.56,237.91
239.01,241.11,235.73,236.61
236.19,239.65,233.77,239.61
239.25,240.87,236.84,238.92
231.62,233.23,231.42,232.44
233.42,234.71,231.2,234.12
234.76,234.96,229.4,229.44
230.02,234.3,228.41,233.86
234.73,237.4,233.71,236.54
236.82,237.22,234.16,236.72
236.19,236.77,232.14,232.42
239.51,241.56,238.97,241.08
241.04,243.02,240.38,242.42
242.42,243.82,241.35,243.45
246.59,247.73,245.52,247.1
247.63,247.7,246.04,247.2
249.26,250.46,248.09,249.3
252.95,256.8,251.91,256.8
254.41,256.3,253.53,254.92
255.41,255.66,252.98,253.63
256.78,257.03,254.38,255.87
256,257.28,253.56,256.19
258.65,260.2,257.64,259.79
259.66,261.84,258.59,261.82
260.25,261.5,256.54,257.31
259.24,259.61,254.69,257.68
254.91,258.36,252.95,253.43
252.6,253.77,244.2,250.48
251.08,253.82,249.23,252.6
252.34,252.34,248.35,248.35
239.85,240.88,236.86,239.94
243.9,245.59,240.4,244.9
247.03,252.16,241.97,243.31
247.47,249.59,244.28,248.8
249.95,255.65,247.67,255.65
258.38,261.45,257.75,260.4
259.51,260.54,256.85,258.87
258.78,260.6,257.82,260.42
263.06,263.15,258.71,260.76
254.77,258.81,254.7,254.74
255.05,255.29,250.69,253.91
254.72,259.47,254.31,259.24
261.78,263.91,258.74,258.74
254.38,255.72,249.36,249.97
252.83,255.13,249.27,252.21
247.89,247.95,241.41,243.89
244.21,245.15,239.39,244.73
251.01,251.49,248.01,250.21
249.79,252.2,245.17,247.39
243.09,244.54,239.81,244.13
245.42,245.42,239.54,239.78
234.58,237.44,230.19,236.91
235.96,237.35,228.22,228.84
226.73,230.33,224.4,228.1
229.15,231.06,222.51,225.54
229.43,236.01,228.02,236.01
230.68,237.42,227.09,236.38
238.99,239.32,232.71,232.87
239.42,240.48,237.7,238.68
239.72,244.07,239.48,241.91
241.95,242.68,239.64,241.61
241.88,244.61,241.68,244.04
243.24,248.17,242.45,247.03
250.8,251.89,248.61,249.63
251.69,251.8,247.38,247.38
246.93,248.09,243.37,244.25
246.22,247.5,243.99,246.85
241.93,247.4,241.83,247.15
246.32,248.29,242.38,245.21
244.51,245.39,239.06,241.5
238.51,240.45,234.18,234.33
231.79,237.94,229.96,236.65
238.64,239.35,234.26,234.4
235.77,239.6,232.98,239.6
242.25,245.45,241.74,245.14
245.87,246.14,242.69,243.48
242.7,244.62,241.23,243.38
241.23,243.62,240.86,241.27
240.47,240.65,235.02,235.3
232.94,235.64,230.86,234.67
234.62,236.59,230.41,235.77
229.39,232.42,229.09,231
231.75,232.32,229.19,230.34
227.14,232.53,226.05,232.53
232.74,233.71,229.47,229.47
232.12,232.46,223.64,224.41
224.3,225.86,221.29,222.81
224.78,224.83,217.97,220.91
216.9,219.44,215.06,215.87
218.5,219.66,214.07,218.83
214.21,220.54,213.5,219.87
218.37,218.48,212.28,213.6
206.33,207.91,200.99,204.55
210.1,210.89,203.97,207.23
211.73,213.35,209.76,211.2
213.71,215.21,212.65,215.06
211.76,212.64,205.68,206.52
210.51,211.31,206.59,208.8
210.82,210.93,201.94,203.5
202.53,208.87,200.84,207.77
210.32,210.7,206.86,209.08
212.02,217.16,211.92,216.23
215.6,217.16,214.95,216.91
210.41,210.96,207.98,208.92
210.54,210.72,208.66,209.01
211.52,211.71,207.11,207.56
211.27,216.2,211.22,216.2
212.8,215.73,212.15,215.38
216.14,217.79,213.26,215.46
218.11,219,216.96,218.37
216.12,218.01,213.19,213.84
216.4,217.42,214.95,216.38
214.09,214.09,211.77,213.73
215.62,217.52,215.52,217.07
219.07,219.4,216.63,217.22
219.44,220.42,218.04,218.87
219.44,221.29,217.67,220.59
217.93,218.52,216.46,216.85
212.25,212.25,209.77,211.73
212.29,213.59,210.65,212.14
212.64,213.36,210.89,212.14
212.7,216.43,212.54,214.92
212.84,212.84,208.78,210.57
206.7,208.95,205.79,206.29
203.6,208.47,203.28,208.06
213.8,214.09,210.27,210.49
210.16,210.19,203.79,204.42
207.4,207.49,200.01,202.63
201.36,201.37,194.85,199.68
201.19,202.01,198.79,201.79
206.83,207.72,205.43,206.48
203.81,206.86,202.42,206.62
209.3,209.7,207.89,209.69
210.76,212.04,209.55,211
213.92,214.65,212.82,213.73
213.92,214.64,212.92,214.41
213.28,214.04,211.72,213.85
213.22,217.75,213.14,217.22
217.69,218.43,215.18,217.65
217.23,219.73,216.3,217.81
222.63,223.8,222.4,223.76
224.29,227.31,223.84,226.99
226.87,227.56,226.02,226.95
227.25,229.66,226.48,227.79
227.22,227.28,224.24,225.1
223.67,226.58,222.38,226.44
226.86,228.81,225.98,228.8
224.35,225.58,223.17,224.54
224.83,225.51,222.66,223.51
225.63,226.75,224.86,225.36
228.68,228.88,226.51,226.98
227.48,228.4,226.26,227.25
230.24,231.48,229.87,231.11
230.86,231.31,228.92,229.22
228.59,231.96,228.56,230.56
231.58,232.3,229.85,230.77
232,234.65,232,234.56
235.19,235.66,233.71,234.97
235.69,236,232.14,233.24
232.76,235.19,232,235
238.74,238.76,237.54,238.18
238.16,239.55,237.24,239.53
239.87,240.56,236.81,238.66
235.55,238.43,235.3,237.37
238.07,238.11,233.17,233.98
234.82,237.05,232.71,237.02
236.72,237.65,234.91,237.04
238.12,243.38,238.08,243.11
244.16,245.21,242.53,243.54
244.05,245.17,241.29,242.67
242.61,243.14,238.39,240.62
237.29,239.14,236.82,237.15
234.3,235.71,232.1,235.31
235.38,236.02,233.84,234.14
232.13,233.17,229.05,230.43
231.39,234.01,231.32,233.97
235.43,235.45,230.58,231.17
232.98,236.76,232.97,236.39
236.96,237.79,235.11,237.46
236.91,237.67,234.6,236.78
234.83,235.51,232.55,233.14
233.46,235.43,232.33,235.09
234.44,235.04,232.61,234.76
228.95,231.78,228.64,231.35
231.83,231.95,225.43,226.56
227.36,228.22,224.69,227.42
223.89,224.66,221.17,221.17
223.26,224.4,220.45,222.79
225.06,225.89,223.82,224.91
225.65,225.76,221.96,223.66
222.87,226.82,222.45,226.6
224.13,224.31,220.85,222.03
223.59,223.96,219.56,220.57
217.19,219.45,215.83,218.51
217.31,218.81,216.62,217.97
217.91,218.95,215.88,218.95
218.93,221.45,218.7,219.12
213.45,214.93,212.91,214.59
214.33,215.63,213.09,213.52
213.64,214.5,210.74,213.02
212.75,213.19,206.04,207.96
203.73,207.3,202.76,205.71
205.45,205.97,201.25,201.74
200.63,203.18,199.59,202.34
202.05,202.05,193.74,196.52
199.64,200.44,194.61,194.61
191.85,197.23,191.54,196.34
197.1,201,194.99,200.12
199.63,202.22,198.51,199.12
198.01,198.04,192.51,193.01
193.96,195.36,190.02,192.48
197.03,197.57,194.8,194.89
197.01,197.06,192.02,192.86
195.72,201.08,195.62,200
198.18,200.06,198.05,199.77
202.85,204.72,201.81,203.64
205.12,208.65,205.08,208.34
204.13,206.3,203.13,204.27
205.62,205.82,202.71,203.97
200.45,200.7,196.77,199.9
203.23,203.84,201.12,201.82
202.8,205.12,202.07,204.12
202.1,203.23,199.83,201.43
200.54,201.09,195.77,197.56
196.95,199.26,196.16,196.44
200.73,202.56,199.87,202.28
202.14,202.86,198.69,200.31
198.03,201.51,197.57,200.76
203.87,204.52,203.14,203.2
202.41,204.04,200.98,202.12
201.55,202.94,198.96,200.26
199.09,202.44,199.09,201.5
202.45,203.03,200.03,200.97
199.24,199.37,195.7,197.56
196.29,198.65,195.22,197.35
197.16,197.29,193.56,193.85
193.24,193.33,189.58,192.04
193.12,194,192.05,192.99
189.71,193.11,189.41,191.36
191.11,192.4,187.99,191.6
192.79,192.81,188.63,188.75
190.69,191.84,188.63,188.96
186.29,186.85,181.89,182.13
182.61,184.38,180.37,182.41
181.89,185.33,180.92,184.36
183.55,185.07,181.69,183.57
179.27,182.15,179.08,180.49
184.94,190.72,184.9,189.97
188.74,188.74,185.93,186.99
184.01,188.74,183.63,188.5
187.64,188.89,184.92,185.27
188.55,190.4,188,189.9
177.58,180.72,176.86,179
183.29,185.71,182.06,183.54
178.15,180.1,175.63,179.25
185.74,189.4,185.04,188.31
190.4,193.04,188.68,189.16
187.43,192.18,187.03,191.58
191.3,194.16,190.34,193.18
192.07,194.19,189.42,193.87
192.49,193.33,189.63,190.6
192.47,193.25,187.12,188.1
178.84,186.62,177.95,186.62
187.39,187.39,184.02,185.52
178.58,178.68,173.87,175.03
172.87,177.3,170.6,176.46
171.02,172.55,166.33,167.16
167.64,172.55,165.97,168.86
162.57,162.6,153.42,162.05
166.22,168.94,163.16,167.91
174.88,178.15,174.47,178.15
173.92,176.07,172.48,174.28
163.16,164.37,156.41,157.63
161.64,161.67,151.53,153.06
155.23,158.09,149.51,157.51
159.61,160.75,153.84,155.8
155.12,155.94,142.69,148.13
142.28,142.28,134.44,137.47
137.8,137.87,121.14,123.27
123.54,127.66,117.91,125.93
122.14,134.55,120.2,132.42
138.97,143.05,122.01,128.68
138.11,145.96,131.72,144.42
144,154.66,140.92,147.5
147.6,153.53,146.49,148.81
149.58,151.91,146.76,151.63
155.69,159.56,152.03,154.93
148.83,149.9,141.84,143.37
138.29,148.54,135.95,148.44
150.78,152.69,147,150.84
148.19,152.11,145.52,147.67
144.42,149.81,143.31,147.27
140.38,142.7,135.92,142.7
147.76,148.01,140.81,142.26
140.35,144.5,136.71,140.57
137.1,140.06,134.8,134.88
135.01,135.08,129.35,132.33
125.91,128.31,123.35,123.54
121.31,132.24,118.91,130.76
129.6,132.1,125.93,126.02
132.35,134.25,125.63,128.01
129.44,134.7,129.43,134.5
138.55,140.43,136.86,139.17
139.6,141.9,138.84,140.66
139.16,141.5,138.21,138.35
131.7,135.89,131.65,133.7
135.53,135.54,132.22,133.62
136.3,136.3,130.09,131.43
132.95,135.2,131.82,134.33
136.01,146,135.3,144.89
146.39,146.97,143.02,145.2
146.11,152.14,145.31,150.73
150.55,153.63,149.03,151.93
148.01,151.2,142.75,144.38
149.09,152.45,149.09,151.43
150.06,151.94,148.07,151.35
154.84,155.95,149.42,152.62
154.54,155.56,151.89,153.24
153.21,156.12,152.91,154.1
155.33,156.94,152.19,153.98
152.35,153.29,148.67,148.93
148.46,149.11,145.01,147.02
146.98,147.81,144.27,145.81
144.55,145.93,141.1,145.72
146.71,149.5,146.25,146.35
147.51,151.15,145.59,151.15
154.57,155.13,152.63,153.83
155.16,158.17,154.89,156.79
157.11,161.53,156.7,161.36
159.21,159.76,156.39,157.76
158.8,159.63,153.93,154.17
152.76,153.68,150.04,151.01
149.7,152.67,147.77,152.45
151.45,154.8,150.15,154.5
148.44,149.39,144.64,145.05
146.08,148.11,144.44,148.03
149.42,151.23,148.74,150.02
147.78,147.86,144.95,146.55
141.28,145.3,141.05,143.29
146.29,146.6,143.57,145.11
143.48,143.48,141.04,141.75
146.05,151.41,145.84,151.04
152.03,154.04,151.47,152.29
149.55,151.74,149.12,151.33
148.86,152.39,147.55,149
149.71,153.17,147.75,151.42
154.2,156,153.18,155.99
154.76,157.99,154,154
156.99,158.92,156.28,158.9
160.77,161.32,157.29,157.7
159.29,160.02,155.25,156.84
152.61,155.78,151.79,155.26
154.12,154.56,151.04,153.66
153.44,155.24,151.35,155.19
153.85,156.14,152.57,152.66
151.46,151.46,145.78,146.6
144.49,145.53,142.47,144.21
143.57,145.53,141.54,143.6
142.01,143.09,137.07,138.31
137.33,142.79,136.25,142.78
137.66,138.97,136.79,137.82
142.02,142.14,137.69,138.65
140.01,143.18,134.44,136.98
137.2,140.22,135.95,138.07
135.42,135.42,131.28,132.47
129.46,134.44,129.36,133.78
132.77,138.71,131.22,138.21
139.35,140.29,137.15,138.25
135.35,138.45,135.32,137.83
139.61,140.8,137.22,140
138.4,143.4,138.37,142.73
146.93,147.7,146.3,147.6
147.38,148.19,144.94,148.02
149.06,150.54,147.21,147.29
147.11,149.46,146.12,147
149.08,152.6,148.05,152.17
153.84,153.84,151.09,152.89
154.21,155.12,151.01,151.51
151.9,154.05,151.59,152.58
153.69,156.8,153.61,156.42
159.94,160.03,157.21,159.56
158.69,160.28,157.93,160.28
159.69,162.28,158.45,162.22
162.71,163.98,161.09,161.66
161.89,162.64,156.2,156.23
157.31,160.33,156.86,157.01
158.02,161.22,156.24,160.46
163.3,166.45,162.55,166.18
167.65,168.36,165.86,167.11
168.21,171.42,168.17,168.62
168.3,169.14,166.41,168.34
166.3,166.71,162.46,162.68
164.13,169.73,163.84,169.48
172.61,174.78,169.89,172.01
172.49,174.01,170.87,171.69
173.56,174.04,169.55,172.03
169.24,171.87,167.68,171.21
174.26,176.12,171.42,171.73
174.03,174.99,169.71,171.33
171.67,172.68,169.04,172.3
168.58,172.35,167.66,171.96
173.28,175.11,171.86,174.4
175.88,176.64,173.9,176.14
176.31,176.99,172.75,174.13
174.31,175.59,171.2,172.13
172.69,174,167.14,167.24
168.53,172.08,167.28,172.08
174.04,177.3,173.54,176
178.23,179.69,177.46,179.69
179.76,181.03,177.88,178.82
181.52,181.82,178.27,179.74
179.58,181.07,178.34,181.04
181.42,182.09,179.88,181.35
180.24,180.84,178.73,179.73
180.46,181.27,179.37,181.14
178.67,179.09,176.28,176.29
178.09,178.96,177.09,177.8
176.94,177.41,174.56,177.26
181.3,182.81,180.62,182.76
182.75,184.01,182.4,183.8
183.08,183.26,180.59,181.82
179.69,182.7,178.86,179.01
177.58,180.31,167.47,178.57
179.12,179.3,173.5,174.77
177.63,178.26,173.47,173.75
173.28,178.19,172.42,178.19
178.16,178.97,176.42,178.7
178.42,180.9,176.92,180.9
183.64,183.71,180.3,180.47
181.78,182.25,178.93,180.31
179.55,179.75,175.35,175.75
177.43,177.77,175.12,177.77
177.65,180,176.87,177.67
179.49,180,174.87,174.91
176.01,180.96,175.52,180.91
180.49,183.84,179.9,181.43
182.74,183.72,181.23,182.69
182.59,182.64,178.97,180.66
178.27,180.32,177.58,178.88
177.9,178.65,176.85,177.8
177.56,178.34,174.9,175.54
176.96,177.38,174.94,176.63
176.46,179.11,176.12,179.02
175.17,175.81,173.52,174.32
174.96,176,173.22,175.08
175.5,180.46,175.5,178.86
180.04,180.41,178.45,179.28
179.92,181.42,178.4,178.81
180.65,181.65,178.69,178.99
178.53,182.5,177.75,181.95
182.92,182.96,180.8,181.85
179.11,182.92,179.02,182.92
182.78,185.04,182.36,184.5
185.18,186.02,184.2,185.11
183.86,184.73,182.28,184.73
184.26,186.51,183.94,184.72
185.27,185.43,182.84,184.56
184.23,184.23,178.15,178.15
181.13,181.35,178.34,179.43
181.94,184.58,181.82,184.26
186.57,187.15,185.39,186.22
187.63,187.96,186.21,187.16
188.11,192.77,187.97,192.25
193.65,194.73,192.48,193.62
193.96,194.6,193.1,194.29
194.45,195.65,192.93,194.4
195.9,196.31,194.32,195.13
196.23,198.92,195.48,198.07
197.69,198.77,197.4,198.52
198.19,198.98,197.19,198.24
198.4,200.02,196.56,199.88
200.9,203.35,200.07,202.96
203.59,204.69,202.67,203.81
205.28,206.67,203.08,204.1
204.72,205.43,202.96,203.19
202.59,204.87,201.33,203.74
203.41,205.07,202.86,204.95
206.16,206.56,204.27,204.77
204.21,205.25,203.91,204.96
203.87,203.94,201.01,202.67
204.52,205.1,202.46,202.46
204.92,206.8,204.6,206.46
205.97,205.97,199.77,200.52
198.88,202.6,198.66,201.33
201.78,203.61,201.08,201.08
203.02,205.41,201.04,205.22
206.05,207.35,203.93,206.26
209.43,210.93,209.18,210.6
209.27,210.41,208.38,209.12
209.79,210.8,209.06,210.62
209.74,210.52,207.36,208.62
210.45,211.07,208.58,209.74
209.43,209.99,205.8,207.44
207.54,212.2,206.25,211.89
208.55,211.85,207.63,210.51
210.6,211.53,209.43,210.6
211.91,211.91,208.32,209.81
211.08,211.31,208.55,209.73
210.76,211.74,210.08,211.4
211.7,211.86,209.31,210.09
211.09,214.96,210.74,214.92
214.77,216.29,214.16,215.81
215.87,215.99,212.55,213.42
214.9,216.41,214.16,216.14
217,222.07,216.95,220.53
222.73,223.54,220.3,222.31
222.2,224.75,221.78,222.34
222.35,223.7,221.27,221.85
222.72,225.65,222.57,225.27
225.89,225.93,223.84,224.69
223.9,225.18,220.57,222.35
221.24,221.9,217.83,221.82
219.89,220.86,218.53,219.66
222.39,222.55,220.16,221.59
221.51,223.88,218.66,219.75
220.81,221.54,213.96,215.94
212.69,213.63,210.02,210.38
212.19,213.09,208.23,209.25
212,212.86,208.94,208.94
210.31,211.08,208,211.01
211.98,215.85,210.88,215.57
217.34,217.55,213.07,214.23
213.5,215.01,210.92,213.1
215.14,216.5,214.29,215.9
217.69,219.25,216.62,217.47
217.02,218.78,214.49,214.91
213.89,216.37,211.24,216.19
218.31,218.61,216.13,217.53
216.13,218.22,215.55,216.64
214.32,216.12,212.2,213.25
215.07,215.75,213.54,214.73
213.87,218.27,213.79,217.45
216.07,216.88,214.78,216.47
216.37,216.85,210.19,211.03
207.5,207.95,204.83,207.68
210.3,210.3,206.81,206.81
201.76,205.72,201.76,204.25
204.49,204.93,202.95,203.13
203.93,207.19,203.13,207.18
205.57,206.12,203.34,203.52
207,207.13,205.38,206.53
207.29,209.41,206.68,207.29
209.89,210.65,207.79,208.23
209.41,210.08,207.22,210.08
210.51,211.17,206.67,206.67
208,208.77,205.38,206.84
207.61,209.9,206.1,209.9
210.86,211.3,208.92,209
210.54,212.88,210.29,211.56
212.28,214.62,212.14,213.89
212.88,214.5,212.6,213.76
214.2,215.29,212.67,213.72
214.79,214.87,211.04,211.92
212.18,213.14,210.93,212.61
211.8,213.87,210.77,210.77
207.4,208.37,200.06,200.73
203.81,206.66,203.81,204.75
204.02,207.07,202.99,207.07
208.82,210.97,208.41,210.25
211.01,213.31,210.55,213.31
212.43,215.34,212.34,214.5
215.65,216.07,214.52,215.55
215.24,216.4,214.07,214.91
213.3,215.9,212.47,215.75
215.95,218.73,212.7,218.73
218.26,220.01,216.9,218.77
219.48,219.69,216.77,219.51
218.72,219.99,218.48,219.6
219.65,220.22,217.66,219.32
219.17,219.33,216.82,216.9
215.82,217.37,214.69,216.68
216.47,217.08,215.13,216.2
217.77,218.08,216.61,217.87
218.66,218.95,217.81,218.95
219.15,222.62,218.83,221.67
223.04,223.06,221.16,222.03
220.57,221.65,218.92,220.34
220.1,221.86,218.99,221.86
221.67,223.49,221.66,223.49
224.24,224.4,222.18,222.84
223.83,224.96,223.52,224.67
224.23,224.77,221.31,221.31
222.65,222.81,219.15,222.66
223.31,224.18,222.23,222.23
222.5,223.39,220.86,223.04
220.82,221.46,219.01,219.17
220.39,222.24,219.88,221.19
222.33,223.69,221.12,223.21
222.26,225.19,221.21,224.38
225.44,226.1,223.55,224.13
225.87,225.97,223.88,224.83
223.03,226.16,222.41,226.16
222.59,223.9,218.22,220.68
217.72,220.65,217.37,219.33
219.09,219.41,213.52,214.89
215.38,215.63,212.51,213.02
213.94,216.65,212.53,215.67
212.77,213.63,209.4,210.34
210.53,211.68,208.77,210.76
212.36,212.36,208.55,209.27
211.76,212.45,209.99,211.86
211.82,212.44,210.71,211.72
205.48,206.39,204.31,205.06
204.6,204.87,202.69,203.37
203.17,206.25,202.93,206.01
206.98,207.41,205.23,205.94
206.55,210.17,206.45,209.73
209.35,209.59,206.56,208.74
208.21,210.84,207.77,209.73
212.24,213.56,212.09,213.44
213.81,213.98,212.11,212.55
211.12,212.85,208.56,208.7
211.92,213.97,211.92,213.28
213.29,213.68,211.61,213.45
211.69,211.93,210.11,210.92
211.86,212.16,206.85,207.56
208.53,208.86,206.69,208.36
210.99,212.15,210.58,211.44
211.42,212.4,210.81,212.36
212.75,213.66,211.12,211.91
212.87,214.09,212.79,214.05
216.79,217.87,216.31,217.73
217.4,217.89,216.74,217.82
217.9,218.07,216.63,217.82
218.98,219.29,216.65,216.76
218.11,218.17,216.14,217.35
217.53,218.15,214.63,215.49
216.15,216.26,214.5,215.25
217.39,220.28,216.83,220.28
219.69,220.88,219.02,219.02
220.05,220.77,219.32,220.48
219.31,219.73,217.35,218.52
220.27,220.95,219.44,220.09
221.71,222.03,219.73,220.09
220.11,221.13,219.58,221.07
220.35,222.63,219.83,222.25
220.11,222.55,220.03,221.6
223.45,223.5,221.63,222.48
222.76,223.2,221.06,221.58
221.98,225.58,221.98,225.47
226.03,226.78,225.28,226.69
227.37,228.02,225.61,227.48
228.62,228.64,226.49,227.51
227.33,227.82,226.62,227.31
226.66,228.27,226.22,228.27
228.34,228.76,224.82,226.81
227.56,227.94,224.14,224.59
225.21,225.48,222.93,224.69
226.01,228.08,226.01,228.08
229.52,229.84,227.13,229.17
228.83,229.11,226.21,227.69
224.17,225.76,223.04,223.65
224.98,225.69,224.15,225.13
226.82,229.24,226.72,229.09
227.6,228.02,226.19,227.76
228.99,229.08,226.66,227.36
228.5,230.54,228.47,229.64
229.06,230.1,228.16,229.28
224.81,226.98,224.61,226.98
227.58,227.58,224.98,226.11
227.94,229.14,227.59,227.95
227.04,227.72,223.67,225.1
226.29,227,224.22,224.76
219.56,220.76,218.72,220.21
213.33,216.59,212.41,215.09
216.86,219.53,215.88,219.1
220.94,221,216.63,217.63
218.86,219.26,215.98,216.78
219.55,221.68,219.34,220.8
219.58,221.69,218.45,221.08
217.34,217.9,214.27,215.36
216.68,216.8,212.57,214.42
211.26,212.54,208.83,212.43
211.55,213.85,207.71,208.78
207.5,211.36,207.46,210.27
207.58,207.79,201.5,204.83
206.95,207.51,203.21,206.62
204.54,210.49,204.52,209.83
212.93,212.93,209.93,212.1
212.43,214.34,211.81,214.34
213.3,214.46,211.89,213.02
214.84,217.95,214.51,217.58
217.37,218.79,217.03,218.03
213.55,214.57,211.95,214.38
213.84,216.8,213.21,216.08
216.15,216.56,213.81,215.26
215.82,217.23,214.64,215.73
218.85,219.87,217.3,219.22
220.22,222.54,219.99,221.43
220.94,222.32,220.4,221.34
223.81,224.18,221.96,223.34
223.54,224.08,222.49,223.45
223.75,224.04,222.41,223.77
226.07,227.99,225.51,227.69
226.12,226.9,225.36,226.45
225.08,226.41,224.92,225.59
225.33,227.45,224.89,227.45
224.87,226.15,224.44,225.63
226.17,226.35,225.01,225.55
225.94,226.72,221.94,222.54
218.7,221.09,218.24,220.85
219.26,220.23,216.26,218.65
219.13,219.87,216.43,217.01
217.43,218.29,215.96,217.47
215.93,219.16,214.04,219.12
219.09,219.09,216.39,217.45
220.66,221.29,219.86,220.78
222.07,224.44,220.63,224.44
225.51,225.87,224.58,225.86
226.32,228.19,225.74,226.14
228.79,230.23,228.69,229.27
228.75,229.44,228.02,228.39
228.28,228.83,226.06,226.34
223.64,226.23,223.51,225.32
224.47,226.47,224.08,225.84
228.16,228.65,226.67,227.88
227.33,228.46,225.9,226.23
229.05,229.88,227.66,229.5
229.7,231.64,229.48,230.87
231.66,232.14,230.46,230.93
231.7,232.06,230.39,231.56
231.01,231.86,230.63,231.16
230.7,231.69,228.71,229.25
230.82,232.63,230.26,232.22
234.1,234.2,232.64,233.38
234.08,234.08,231.23,233.14
234.13,234.29,231.03,232.39
232.14,232.68,230.4,232.35
231.59,233.23,231.21,233.14
233.42,233.84,231.8,232.04
231.15,231.3,228.5,228.98
225.42,226.8,223.96,223.96
225.12,227.28,224.23,227.01
225.32,226.9,222.8,226.51
225.45,228.34,224.95,227.96
229.14,229.23,227.72,228.9
229.2,232.09,229.01,231.88
230.41,231.44,229.74,231.17
231.51,231.63,230.02,230.2
228.6,230.92,227.65,229.42
227.49,228.47,225.98,225.99
227.2,227.38,225.39,225.39
224.63,226.04,223.91,225.52
228.17,229.72,227.77,229.63
227.88,228.61,226.15,226.81
228,229.97,227.3,229.41
232.03,232.06,229.57,230.66
231.26,232.01,230.26,231.04
232.6,233.04,231.73,232.77
232.78,233.44,232.23,232.45
231.31,232.06,229.89,230.94
231.93,232.56,230.25,231.53
232.68,234.95,232.55,233.93
235.23,236.56,234.83,236.34
237.19,237.65,235.43,235.98
236.21,237.62,235.7,237.14
236.82,237.15,235.36,235.37
237.04,237.92,235.47,237.64
236.71,238.55,236.21,238.29
237.78,239.8,237.04,239.8
240.99,241.55,240.26,241.38
241.16,241.73,240.31,240.59
241.94,243.32,241.88,242.27
242.67,243.02,241.37,242.95
242.87,244.44,242.38,243.49
244.47,245.28,243.46,243.99
243.22,244.74,242.59,244.22
246.53,248.01,246.11,247.7
247.17,247.91,246.21,247.22
247.16,247.19,245.37,246.51
247.99,248.05,244.79,245.44
245.76,245.95,241.2,242.35
243.63,244.01,241.73,242.99
244.38,246.25,244.02,246.25
246.03,246.68,245.31,246.56
246.81,246.93,242.64,242.64
242.96,243.81,240.11,240.11
238.41,242.64,237.25,241.79
242.71,242.84,239.99,242.53
243.58,245.86,243.31,245.84
246.52,248.74,245.91,248.16
247.7,248.5,247.07,248.38
248.22,248.92,245.68,246.61
246.53,247.46,245.72,246.41
247.19,247.27,242.14,242.98
243.92,247.41,242.68,247.41
247.02,248.32,246.54,247.93
249.62,251.33,249.28,249.99
250.73,251.51,250.17,251.12
253.85,254.82,251.14,251.22
252.32,252.7,250.01,251.73
251.81,252.3,250.56,252.07
251.87,255.14,251.79,255.13
254.86,256.51,247.51,247.51
252.78,254.02,246.62,248.35
249.34,250.56,247.47,249.22
248.96,249.65,246.4,247.84
245.02,248.99,244.75,247.3
248.92,251.36,248.25,251.15
252.3,253.06,251.09,253.04
253.82,254.97,253.16,254
253.22,253.97,250.73,252.12
246.77,252.78,246.57,252.38
253.3,253.42,250.68,252.45
253.07,253.69,248.27,249.31
249.92,251.02,246.84,248.92
247.97,251.82,247.86,249.64
250.08,252.8,249.54,252.8
254.61,256.1,254.24,256.02
257.51,257.65,256.15,257.65
258.12,258.26,256.28,257.32
257.46,259.16,256.96,258.63
258.25,259.76,257.35,257.51
258.57,262.32,258.17,262.32
261.57,262.73,260.82,261.74
262.7,263.54,261.37,263.31
263.94,265.19,263.38,265.13
265.03,265.95,264.2,265.95
264.83,266.47,263.97,264.92
266.19,267.89,265.14,267.67
265.48,267.69,264.06,267.42
269.13,270.44,268.61,269.31
269.52,270.43,269.02,269.6
270.03,270.23,268.27,269.62
270.1,270.36,268.29,268.5
267.68,269.11,266.79,267.35
268.21,270.37,267.94,269.04
268.29,270.49,268,270.44
270.84,271.53,270,271.19
272.84,273.81,271.63,273.81
274.29,275.78,273.69,275.78
275.37,275.94,274.57,275.35
276.91,277.13,273.08,274.72
274,275.61,273.24,275.61
274.91,275.75,272.44,273.99
273.81,275.1,271.26,275.1
275.53,276.7,274.79,276.17
276.49,278.52,274.81,275.52
275.39,278.17,273.45,278.17
278.49,279.67,277.04,277.05
276.43,278.8,276.07,276.6
277.9,279.86,274.81,279.25
278.52,278.96,277.12,277.75
277.22,277.38,272.28,272.67
272.25,274.68,271.92,274.5
275.8,277.76,274.86,275.18
276.16,279.19,275.92,278.81
279.34,280.26,278.34,279.2
279.18,279.79,276.58,278.45
274.8,275.95,273.12,273.12
274.5,275.46,273.44,273.45
277.76,278.68,274.9,274.9
276.01,276.36,272.84,273.16
274.18,274.2,268.84,269.9
269.21,269.83,264.57,264.57
264.8,266.76,260.13,260.4
263.49,266.29,261.98,266.02
266.49,268.23,264.39,265.4
264.95,267.14,262.52,262.56
264.41,265.14,258.83,261.23
263.03,266.22,261.82,265.8
265.88,266.07,262.71,264.55
260.81,262.06,258.58,260.13
259.18,261.3,257.87,259.21
258.69,260.4,257.04,257.69
258.49,259.68,256.43,259.28
257.96,258.83,255.88,256.36
253.95,256.58,253.9,254.96
256.82,260.48,256.55,260.48
263.06,265.96,262.41,265.42
264.12,265.2,261.12,261.44
261.87,265.09,260.56,263.33
264.84,266.18,262.39,263.8
263.41,263.66,259.55,260.59
257.17,259.22,256.15,256.83
256.64,260.69,254.63,260.69
260.14,262.77,249.34,254.29
258.44,260.22,255.66,259.44
254.66,260.25,254.23,259.8
260.13,263.59,259.58,262.39
262.74,265.18,262.64,264.89
265.97,266.48,264.76,266.05
266.69,266.99,264.64,265.67
266.97,268.95,266.85,268.93
271.91,272.22,269.78,271.66
271.7,272.65,270.51,272.13
271.49,274.22,271.04,274.22
274.76,278.2,274.46,277.04
277.97,278.87,276.52,278.87
278.92,280.73,278.1,280.73
281.1,281.3,278.38,280.01
280.3,282.03,278.87,282.03
281.8,282.73,280.25,281.35
282.22,282.62,279.15,280.45
280,282.21,279.7,281.05
280.79,282.03,279.34,280.49
279.74,279.78,275.99,276.13
276.5,280.68,275.12,280.68
279.89,283.15,278.65,283.15
282.36,283.23,280.83,282.8
283.58,283.98,280.76,282.14
279.36,282.12,278.83,280.43
283.63,287.23,282.54,287.19
289.99,293.16,289.09,291.16
291.43,292.2,289.86,290.84
291.72,293.01,290.82,292.69
293.04,293.59,290.04,291.38
294.05,295.16,290.04,292.08
293.23,294.42,290.24,292.15
292.37,293.76,288.35,290.39
291.93,295.37,291.88,295.35
294.85,295.51,289.94,291.65
290.87,291.49,287.43,288.46
284.54,285.15,281.93,283.68
285.16,285.8,282.22,282.59
285.66,286.3,283.36,286.3
282.52,283.98,280.02,280.02
281.27,281.56,277.5,279.59
277.53,278.85,276.39,277.22
277.13,278.19,275.57,277.15
278.22,282.24,277.53,281.76
282.39,282.73,275.98,276.47
277.26,278.81,274.89,278.59
277.08,277.08,271.19,271.19
270.87,273.27,270.4,271.78
273.52,274.74,267.77,268.62
271.99,276.68,271.38,276.33
275.62,278.97,275.26,277.35
279.25,279.37,275.1,276.32
277.73,283.92,277.44,282.76
282.92,284.34,281.45,282.75
277.07,280.73,276.37,278.76
279.98,281.11,278.06,278.84
276,277.88,275.92,276.97
277.39,278.26,272.68,274.46
273.55,274.84,271.79,272.44
274.38,275.6,268.76,269.04
266.81,270.76,266.44,269.79
269.26,274.54,268.49,273.67
275.12,275.26,271.51,274.53
270.59,272.08,268.42,268.88
270.18,270.33,263.02,266.22
266.41,268.26,264.05,264.39
267.27,269.24,264.28,268.65
271.25,272.39,270.18,270.71
268.35,270.77,268.29,269.34
270.49,274.31,270.2,274.31
272.23,272.42,269.68,271.44
274.37,275.59,270.41,270.41
275.33,275.47,273.06,274.61
275.82,276.08,274.02,275.17
277.9,279.69,277.34,278.77
281.28,282.85,281.13,281.67
282.1,284.11,281.61,283.88
283.08,285.12,282.93,285.12
284.41,286.86,284.06,286.07
287.73,287.73,285.07,286.05
284.22,284.78,281.73,282.46
278.96,279.77,275.77,275.9
276.83,278.38,275.52,278.32
276.74,278.03,274.61,278.03
276.98,279.59,276.86,279.59
279.93,279.93,275.71,276.71
276.16,278.08,275.75,276.58
280.54,281.43,279.57,280.41
280.19,280.47,277.9,279.2
281.51,282.73,280.37,282.59
280,280.47,279,279.66
281.34,282.04,279.19,282.04
279.54,282.77,279.49,282.7
277.89,280.76,277.87,280.04
280.52,280.52,277.05,277.11
280.86,282.79,280.55,282.36
279.54,279.88,274.71,275.4
269.8,270.14,266.81,267.8
267.78,268.35,261,261.54
251.09,255.15,249.32,251.9
250.23,250.32,233.89,242.45
234.26,237.55,218.66,233.52
243.34,243.36,232.75,233.23
223.79,236.6,223.79,234.14
237.41,237.94,229.77,230.38
238.06,242.23,237.75,242.23
240.68,245.62,240.61,243.43
243.15,243.61,234.93,238.31
228.95,229.75,222.95,222.98
224.62,225.49,218.09,219.15
222.3,229.17,220.38,228.12
229.56,231.08,223.52,225.14
230.3,232,226.73,227.02
225.55,229.73,225.54,229
232.8,236.95,229.94,235.78
239.13,240.47,236.72,237.64
237.91,242.16,236.59,242.16
243.07,248.84,241.95,242.37
241.18,243.76,238.42,240.16
234.93,235.03,228.89,228.89
224.46,229.82,223.18,226.65
232.72,236.15,231.04,236.12
239.55,239.64,235.48,238.47
234.09,238.51,233.4,233.4
231.92,232.68,224.16,225.15
231.65,233.01,224.54,228.58
234.94,238.49,233.32,237.5
234.58,237.5,233.74,235.32
235.29,238.11,231.55,237.53
238.08,241.85,236.57,239.51
233.2,234.77,230.02,232.05
223.64,224.8,218.58,218.62
221.85,221.96,212.92,214.18
221.23,225.37,219.76,225.29
227.28,228.95,223.82,223.82
222.51,230.54,221.76,230.37
228.79,231.23,226.61,230.41
218.92,221.99,215.53,221.93
223.64,223.64,216.39,217.34
223.99,227.25,223.47,223.94
229.61,231.47,228.92,230.27
230.64,233.38,230.34,230.82
236.75,236.9,234.27,234.8
233.79,236.91,232.44,236.66
239.65,240.32,238.09,238.09
236.96,240.3,235.44,239.67
242.43,243.49,241,243.49
238.47,240.98,237.99,239.89
241.5,242.11,239.09,242.11
242.2,244.22,235.36,235.57
239.03,240.83,235.94,240.02
242.5,248.21,242.44,248.21
248.41,249.18,246.43,247.2
244.87,247.9,243.73,247.56
249,251.5,246.96,251.2
256.42,256.88,251.4,252.47
251.36,254.33,248.83,249.88
247.51,252.22,247.5,249.92
244.87,248.28,243.24,248.03
247.4,247.4,243.14,244.09
249.8,252.44,248.95,252.34
252.66,252.66,250.14,250.78
251.85,251.94,247.86,248.32
251.38,252,247.92,249.23
243.07,243.38,236.02,236.02
239.79,243.05,237.35,242.99
246.4,249.02,246.37,248.27
246.25,247.97,244.98,246.21
247.71,249.6,241.44,241.98
242.87,244.84,239.09,244.6
239.55,241.13,238.5,239.43
238.54,238.54,235.32,236.64
233.8,238.46,233.71,237.8
236.81,236.93,231.32,231.68
230.7,234.26,229.93,233.35
231.11,232.78,229.74,231.03
235.09,236.86,233.87,236.59
238.4,242.61,237.77,242.5
241.15,242.64,240.04,241.19
250.12,252.82,249.76,251.52
251.23,252.04,249.95,251.19
252.87,253.02,250.52,252.22
250.94,251.94,247.88,249.48
251.08,252.12,249.69,251.57
250.26,252.4,248.47,250.31
246.28,247.85,244.67,244.93
248.73,248.86,247,248.55
245.44,245.87,243.48,243.48
241.67,243.54,241.59,242.35
239.15,240.02,236.48,236.72
237.85,240.13,237.22,239.82
238.3,238.35,227.54,231.74
233.79,234.49,232.25,233.83
240.01,241.87,239.1,241.51
240.5,241.4,239.67,241.4
243.26,244.95,243.06,244.22
244.96,245.1,242.04,242.64
242.69,243.91,236.43,240.79
239.44,239.44,237.28,238.15
236.87,239.55,235.7,238.08
239.04,239.96,236.81,238.7
241.56,245.82,241.56,245.82
246.89,247.06,244.16,244.24
244.58,245.5,243.25,243.56
243.97,243.97,237.88,240.57
238.88,238.99,235.95,238.02
240.07,242.69,239.89,241.69
242.19,242.29,240.46,240.83
241.8,243.46,239.82,243.46
243.6,246.06,243.02,245.28
243.34,243.7,240.88,243.1
245.79,247.82,245.76,247.81
247.57,248.81,246.68,247.82
250.6,251.34,249.15,251.27
252.28,256.94,252.28,256.61
256.22,260.07,256.1,257.14
258.05,258.49,256.49,257.52
258.01,258.88,256.38,258.65
257.39,258.12,254.68,255.21
255.45,257.88,254.09,256.9
255.73,258.81,255.56,257.06
260.18,261.96,259.25,260.35
259.95,260.09,257.06,258.53
261.65,262,257.65,258.93
259.37,260.26,258.41,259.8
260.26,262.94,259.96,262.94
261.99,264.5,259.28,264.5
263.6,263.77,260.19,261.17
262.14,263.56,260.88,262.75
261.69,263.08,261.32,262.38
263.76,266.13,263.69,265.88
262.99,263.93,261.61,261.89
265.9,266.84,265.01,265.82
268.28,269.26,265.92,265.95
265.41,266.89,263.5,265.89
264.88,266.69,264.55,266.63
264.78,264.78,262.72,263.58
263.77,265.2,262.1,265.2
264.21,264.33,260.76,261.3
262.19,263.93,261.8,263.45
265.06,267.68,265.03,267.13
268.64,269.5,267.27,267.45
266.56,266.9,264.12,264.75
265.25,265.94,261.2,262.85
258.65,261.17,258.32,260.35
261.23,263.55,259.65,262.85
265.27,266.33,263.18,265.62
265.67,265.74,263.6,263.74
265.1,267.74,265.1,266.9
270.47,271.68,269.85,269.85
269.81,270.61,269.05,269.76
271.39,271.48,268.22,268.27
269.01,270.61,268.58,270.27
270.2,271.59,268.74,269.68
268.14,269.46,266.9,267.79
267.6,268.45,266.44,267.98
266.36,268.44,266.15,267.95
269.13,270.06,266.43,267.41
270.62,270.87,268.97,270.71
269.86,270.55,269.07,269.64
267.87,268.72,266.15,267.13
266.5,267.22,265.19,266.58
267.72,269.36,266.8,268.99
270.66,272.83,270.31,272.46
272.13,272.48,267.98,268.33
266.69,270.33,265.48,269.96
269.54,270.41,268.96,269.97
266.95,267.24,265.44,265.88
266.48,267.81,264.83,265.38
263.88,263.95,261.47,263.95
265.95,267.27,265.11,266.86
263.58,265.4,263.28,264.49
264.72,265.43,263.02,263.32
267.39,267.51,265.72,266.22
265.6,266.86,264.74,265.58
263.79,263.83,261.25,261.84
261.31,262.8,260.34,261.66
259.47,261.82,259.22,260.76
263.24,263.24,260.72,260.82
262.89,263.25,260.28,261.51
262.7,264.48,262.3,263.43
265.4,265.67,263.7,264.35
266.1,267.01,265.35,266.61
266.05,266.7,265.35,266.05
264.72,265.41,263.72,264.4
259.71,260.29,259.1,259.73
261.28,261.62,260.35,261.12
259.88,260.46,258.22,258.79
258,259.01,256.94,257.89
256.97,256.97,253.91,254
254.07,255.02,252.3,254.11
251.97,253.08,250.24,252.32
250.63,250.88,243.79,243.93
244.15,246.21,242.52,244.48
240.12,240.14,235.46,235.85
238.61,239.41,237.02,238.62
242.38,243.04,240.58,242.66
240.7,240.71,237.93,239.76
239.44,240.72,238.43,240.51
241.06,242.92,240.36,241.6
241.14,245.67,240.49,245.26
244.68,244.92,242.27,244.68
241.17,244.05,240.16,244.05
242.45,244.03,240.97,242.98
235.91,237.51,235.37,236.3
238.54,239.47,237.36,238.79
244.1,246.16,244.1,245.51
246.34,246.39,243.3,243.69
247.3,248.55,247.12,248.3
244.62,246.99,244.55,246.43
248.14,248.14,245.64,247.08
246.7,248.62,246.43,248.62
248.52,248.54,245.09,246.57
251.43,252.69,250.57,251.37
250.5,251.7,250,251.31
253.59,253.59,251.71,252.92
251.59,252.31,249.22,250.46
246.57,246.92,243.74,244.15
243.37,243.37,239.19,240.75
239.81,241,239.18,239.68
239.31,240.39,236.6,239.85
241.07,241.24,238.09,239.98
238.46,244.9,237.42,244.9
246.35,246.63,244.42,244.46
245.47,247.24,245.37,246.8
247.88,248.83,247.32,247.76
247.01,248.01,246.49,247.67
247.93,248.36,243.91,245.07
242.36,242.92,241.26,241.73
242.81,243.14,240.01,240.88
240.37,240.69,238.66,240.34
240.49,241.06,234.66,234.66
235.49,239.98,233.58,238.77
239.81,240.11,237.92,239.39
238.07,242.21,237.15,240.19
240.11,241.1,235.61,236.42
240.09,241.53,239.41,240.44
240.59,241.49,239.8,240.35
236.89,236.91,234.36,235.75
235.19,237.04,234.77,236.65
231.9,235.78,231.68,233.49
234.75,236.02,233.04,235.33
239.64,242.23,238.72,242.23
244.8,245.35,244.08,244.58
244.83,252.53,244.39,250.08
248.42,250.83,247.95,249.6
250.15,250.43,247.23,247.9
244.57,247.13,244.17,244.81
249.92,251.74,249.67,250.36
250.04,251.14,249.66,250.39
251.8,255.13,251.74,252.84
253.34,259.11,253.34,258.08
257.59,259.12,257.17,258.91
258.71,258.76,256.63,256.65
258.14,260.3,257.62,260.11
260.03,260.56,258.59,260.08
260.92,261.08,257.6,258.2
257.65,258.57,256.64,258.03
259.19,260.2,257.43,257.5
256.9,258.07,253.79,256.21
256.06,257.32,254.6,257.28
254.12,254.92,252.95,253.73
251.65,253.95,251.34,252.77
253.46,254.12,251.83,252.57
253.09,254.64,252.31,254.22
253.29,253.39,249.65,250.96
249.58,251.78,249.52,250.56
250.97,252.65,247.36,251.23
251.03,251.81,250.22,250.56
248.73,248.77,245.75,245.75
246.79,247.77,245.68,246.79
252.16,254.02,251.79,254.02
254.8,255.29,253.38,253.38
252.72,253.32,251.48,252.73
254.35,257.4,253.78,256.95
256.68,257.54,255.08,256.87
263.14,265.3,262.68,265.02
264.79,265.63,263.48,263.97
263.39,264.56,263.05,264.25
263.44,265.34,262.55,264.44
262.87,263.93,261.54,261.87
263.26,264.05,262.16,263.41
262.47,263.87,259.94,263.56
262.18,263.77,261.63,262.03
259.38,261.25,258.8,260.42
258.99,262.06,258.91,261.62
263.22,263.3,261.48,262.49
262.82,263.53,262.3,262.48
262.68,262.91,260.44,261.92
263.65,264.16,261.46,262.07
261.83,261.89,259.7,260.11
260.1,261.65,259.65,259.66
257.25,257.49,255.15,255.15
253.14,255.22,250.97,252.84
253.5,253.75,251.69,252.44
251.6,253.14,250.77,251.44
253.88,254.36,252.49,253.98
255.98,257.41,255.19,256.06
256.73,257.82,256.11,257.27
256.45,257.12,254.3,254.79
250.19,254.42,250.04,254.22
254.41,254.43,251.86,251.86
249.14,251.12,248.32,249.8
248.68,251.72,248.37,251.72
250.53,251.19,247.15,247.18
248.65,249.13,246.69,247.66
248.06,250.68,247.83,248.52
250.42,251.11,249.83,250.18
248.7,248.97,246.39,247.83
250.98,251.49,250.24,251.04
249.17,250.55,249.01,249.5
249.97,252.33,249.57,252.3
253.01,253.73,250.71,253.7
250.33,251.04,249.24,250.13
247.1,249.21,245.28,248.69
247.87,248.58,246.91,248.18
248.55,248.65,245.67,246.9
247.17,247.81,245.81,247.8
244.65,245.27,243.34,244.64
243.88,244.92,242.9,243.45
244.71,246.78,244.62,245.82
248.42,248.55,247.11,247.72
248.52,249,246.11,247.02
248.5,250.09,248.25,249.51
249.83,251.44,248.99,251.44
252.26,252.31,250.45,250.73
251.94,254.27,251.55,253.41
251.99,252.26,250.88,251.72
253.03,254.79,252.92,254.73
254.45,255.95,253.79,254.25
254.91,256.07,254.42,255.57
254.5,255.3,253.72,254.83
254.58,257.02,254.19,256.63
256.97,257.85,256.39,257.27
257.75,259.42,257.63,258.78
260.06,260.75,258.79,259.03
259.7,260.27,258.96,260.12
261.19,261.67,260.54,261.67
261.84,265.79,261.76,265.79
263.76,265.51,263.08,264.56
264.17,265.07,262.51,262.76
263.76,264.23,262.27,264.23
265.36,265.98,263.72,264.78
265.45,265.46,261.22,261.89
262.39,262.72,261.94,262.11
263.61,264.91,261.94,261.97
261.64,262.83,260.45,262.68
262.27,264.83,262.25,263.92
266.24,269.51,266.1,269.16
270.54,270.74,267.45,267.52
267.23,267.46,264.74,266.14
266.12,266.43,263.87,265.97
264.81,265.87,263.95,263.95
264.48,265.42,262.53,262.9
263.09,265.25,262.13,264.95
266.47,266.58,261.49,263.32
262.84,264.8,262.18,264.8
264.82,266.21,261.43,261.43
262.07,263.34,259.42,260.49
261.44,261.88,258.65,260.1
262.02,262.08,260.08,261.71
261.59,262.25,259.36,261.3
261.25,263.35,260.79,262.91
264.04,264.83,261.1,261.1
259.69,260.99,258.15,258.74
258.94,259.06,254.62,256.06
255.01,255.43,253.49,254.66
255.69,257.66,255.42,257.22
258.08,258.85,256.42,258.47
257.71,258.44,256.94,258.07
258.57,259.01,255.48,257.64
259.28,259.35,256.77,256.89
254.49,255.77,253.5,254.82
255.44,255.64,254.21,254.31
254.68,255.97,253.8,254
253.8,257.9,253.61,257.09
258.33,258.44,256.35,256.65
257.65,260.97,257.22,260.92
261.14,262.52,260.41,261.44
261.58,261.85,260.79,261.61
261.3,262.29,260.49,261.63
261.64,262.89,261.28,262.16
263.79,268.07,263.51,268.07
266.64,267.73,266.1,266.85
265.63,268.89,265.56,267.15
267.7,267.96,265.89,266.01
263.76,265.71,263.57,264.68
265.91,266.94,264.57,265.04
267.13,268.95,266.69,268.01
268.51,268.61,265.78,266.14
267.57,268.88,266.54,266.54
269.01,269.12,266.62,267.25
266.83,266.83,263.88,264.78
264.25,264.92,263.1,264.57
263.75,264.81,261.5,264.15
264.66,264.75,262.01,262.43
262.69,263.38,261.67,263.33
263.41,263.41,260.08,263.37
264.44,264.44,260.83,260.84
259.03,260.15,258.17,258.3
259.69,261.42,258.85,259.79
258.3,259.81,257.04,257.04
258.34,258.9,255.82,255.82
255.61,256.54,255.1,255.33
258.18,260.18,258.06,259.58
259.42,261.63,259.22,260.54
261.7,262.5,259.02,261.86
261.44,262.28,260.84,261.86
263.88,264.74,263.31,263.39
264.16,264.19,262.03,262.27
262.37,263.16,259.06,260.79
261.32,261.65,258.88,260.36
257.57,257.94,254.63,257.05
255.4,256.16,251.35,252.77
252.85,253.86,251.84,252.39
252.44,254.52,250.14,252.53
254.4,255.14,252.94,254.34
255.4,256.18,253.04,256.18
256.81,257.12,251.34,252
250.7,252.6,249.6,251.51
248.69,252.61,248.37,251.78
253.46,253.61,249.63,251.51
250.55,250.93,247.82,247.85
247.64,249.41,246.11,248.77
248.35,251.46,247.89,251.46
251.12,251.16,248.64,250.01
251.74,252.65,250.03,252
252.2,254.49,251.97,254.49
254.11,254.42,252.79,253.04
253.63,253.67,251.55,252.25
253.17,256.36,253.13,255.72
255.49,256.32,254.52,254.92
256.4,256.47,254.5,256.02
257.63,258.56,254.96,255.2
255.22,255.41,253.61,253.84
254.86,255.27,253.47,254.02
255,257.99,254.77,257.53
256.94,256.96,252.72,252.72
251.46,253.29,251.19,253.29
254.09,256.67,253.98,256.29
256.56,256.74,255.49,256.6
257.94,259.81,257.94,258.99
259.51,259.9,258.6,258.6
260.31,260.48,257.59,258.18
259.7,260.89,259.19,260.19
258.96,259.78,256.66,256.66
258.13,258.28,255.73,257.32
257.41,258.82,256.99,258.19
258.63,259.53,257.97,258.59
259.64,262.16,259.58,260.92
260.7,262.1,260.41,261.21
262.46,263.34,261.41,261.47
260.48,262.03,260.13,260.29
261.45,261.69,259.15,260.54
260.57,260.7,256.51,256.51
255.51,255.7,251.14,251.2
251.49,252.48,251.02,252.2
252.29,252.39,248.72,250.19
249.16,250.32,248.04,248.5
247.76,248.72,244.38,244.49
246.21,246.42,244.22,245.36
245.43,246.59,244.18,244.77
245.44,247.13,243.45,247.13
246.94,246.96,244.77,245.44
242.08,243.28,239.45,240.26
234.23,236.9,234.15,236.57
236.33,236.33,233.47,233.47
232.25,235.04,230.38,231.75
234.26,234.26,230.18,231.52
235.19,239.37,235.11,238.65
240.01,242.68,240,242.27
240.58,242.69,240.28,241.05
241.76,242.61,240.24,240.8
240.69,241.68,236.28,236.63
237.36,238.78,236.64,238.56
239.72,241.12,236.56,237.28
236.86,238.42,234.11,235.12
236.69,237.23,235.02,236.94
237.74,237.94,235.41,236.23
238.49,243.88,238.45,243.88
243.28,243.33,241.74,242.72
242.75,243.77,239.51,243.43
243.4,243.52,241.06,242.02
242.64,245.87,240.42,244.82
244.09,244.41,242.25,242.92
243.51,243.66,240.63,242.03
243.32,245.27,242.18,243.18
244.62,246.76,243.86,246.63
246.61,248.17,246.16,247.84
247.11,248.29,246.74,247.71
248.04,248.68,246.6,247.8
247.4,248.22,246.37,246.53
246.78,248.81,246.47,248.78
248.37,249.03,247.74,247.99
248.33,249.62,246.94,248.89
251.03,251.65,249.05,249.33
248.92,249.66,248.21,248.25
247.85,247.94,245.37,246.8
244.73,245.11,242.75,242.75
243.52,245.11,242.77,243.39
243.51,244.43,242.42,243.13
242.79,245.19,242.74,243.78
245.08,248.21,244.68,248.2
248.2,250.04,247.69,249.82
247.12,250.36,246.76,249.23
248.76,249.04,247.68,248.89
247.97,249.89,244.82,245.13
245.48,246.15,242.11,242.49
239.93,241.63,239.01,240.37
242.17,244.25,241.05,243.37
244.21,246.13,244.16,245.71
245.13,247.21,244.87,245.71
242.7,245.78,242.54,245.67
246.69,250.02,246.62,248.86
250.52,251.74,249.36,251.74
251.65,252.51,250.84,251.13
252.43,253.37,251.49,252.05
251.4,252.99,250.4,252.15
253.68,255.12,252.79,254.62
255.01,256.24,254.19,255.25
256.48,258.12,256.27,258.12
258.62,261.2,258.53,261.2
261.38,262.38,260.13,262.38
262.4,264.27,261.1,262.32
260.99,262.38,260.52,260.83
263.4,264.38,262.53,263.86
263.19,263.39,261.06,262.56
261.64,263.92,260.76,263.02
261.85,263.43,260.42,262.83
262.42,262.76,260.23,261.45
260.59,262.68,260.47,262.68
263.34,263.65,262.66,262.94
261.56,262.3,260.55,260.91
261.08,263.29,260.55,261.48
263.42,263.57,261.66,261.87
262.27,263.04,260.25,261.78
261.93,262.76,261.38,261.85
260.95,263.15,260.09,263.14
262.83,264.16,262.39,262.9
265.19,266.81,264.41,266.35
266.52,266.77,265.81,265.81
267.87,269.53,267.87,269.02
268.92,270.3,268.19,268.25
270.6,270.76,268.9,269.59
270.51,271.25,269.7,271.24
271.55,272.56,270.56,271.22
270.75,271.13,269.71,271.11
271.96,272.06,268,268.03
267.85,269.36,266.75,269.36
269.42,269.42,266.01,267.51
267.96,269.77,267.21,269.74
269.5,270.6,268.5,270.28
270.72,271.44,269.13,271.44
270.13,270.81,266.88,266.91
268.06,268.83,267.23,268.63
267.88,268.01,266.2,266.59
266.98,267.3,264.37,264.96
265.16,266.19,264.31,264.62
264.71,265.12,262.71,263.34
260.97,262.58,260.53,260.53
262.14,262.14,259.49,260.15
261.21,263.57,261.13,262.81
262.42,262.45,258.04,258.04
260.53,260.79,258.11,258.44
260.48,264.33,260.47,264.2
265.38,265.96,264.65,265.03
264.84,268.37,264.68,267.81
267.23,267.43,264.69,265.62
265.06,265.06,260.97,262.2
263.4,264.65,261.89,263.86
265.85,267.45,265.2,265.21
264.02,266.26,262.78,266.26
265.28,267.15,264.5,267.15
268.8,270.07,268.42,269.7
269.61,270.36,268.68,269.57
270.48,270.84,267.35,267.58
266.64,267.33,264.79,264.84
263.39,264.53,261.48,261.48
262.5,262.6,259.21,261.1
261.04,262.17,260.54,260.71
263.52,264.14,263.24,263.7
263.55,263.75,262.24,262.68
261.74,263.67,259.78,260.55
258.95,259.46,257.7,259.05
258.29,258.49,256.08,258.04
257.7,259.07,257,257.9
260.27,260.67,258.18,258.72
259.62,261.24,258.74,259.98
263.16,263.21,259.46,260.2
259.85,261.55,259.78,261.27
262.78,263.89,262.14,263.24
263.72,264.54,262.79,263.58
263.85,264.63,262.82,263.15
262.47,263.79,261.54,263.32
263.55,264.24,262.53,264.24
264.35,264.51,257.63,257.64
257.05,257.29,253.18,254.48
254.7,256.67,254.11,255.41
254.53,257.02,254.41,255.98
256.85,257.06,254.63,255.76
256.26,256.65,253.63,253.63
254.05,255.14,251.59,252.48
253.83,254.84,253.16,254.08
253.3,256.27,252.75,253.97
255.52,255.65,253.82,254.73
255.43,256.52,255.11,255.36
255.54,256.13,253.37,253.46
253.66,255.06,252,254.81
255.03,256.65,254.29,256.34
255.73,257.08,255.53,257.08
256.72,256.75,253.72,253.74
252.93,253.83,250.58,252.89
248.22,250.18,247.43,248.95
248.48,250.23,248.16,249.91
251.11,253.31,250.98,252.89
251.37,251.76,249.7,250.01
246.56,247.04,245.1,245.3
246.79,247.44,245.5,246.04
246.92,249.04,246.85,248.56
250.69,250.69,248.94,250.51
251.2,251.26,249.39,250.47
250.59,252.39,250.06,251.87
253.29,253.29,252.07,252.31
252.37,253.61,250.49,250.97
251.38,253.83,251.35,252.74
254.33,254.98,253.17,253.64
253.69,254.3,252.07,253.66
253.35,253.35,251.39,252.92
251.34,252.57,250.65,250.95
253.63,255.22,253.34,255.22
255.25,255.82,253.21,254.01
255.27,256.29,254.85,256.24
256.13,257.8,255.03,257.31
257.06,258.62,256.42,258.28
257.98,258.74,257.35,258.41
256.55,256.86,254.71,256.29
254.9,256.22,254.52,254.78
257.52,258.23,257.23,257.3
257.66,257.73,256.68,257.63
258.21,258.76,256.46,257.35
256.19,256.23,254.1,254.48
254.88,255.5,253.8,255.49
254.52,254.75,250.75,251.11
252.14,252.96,250.97,251.09
248.56,250.12,248.2,249.02
249.12,250.26,248.86,250.15
252.05,252.75,250.59,251.87
252.81,252.99,251.07,251.32
250.88,251,248.68,248.68
250.17,250.81,249.76,250.68
250.89,252.84,250.87,252.31
251.6,252.31,250.88,251.56
253.55,255.4,253.36,255.08
254.83,257.49,254.76,257.26
256.37,258.07,255.96,257.44
258.54,258.71,256.3,258.11
257.88,259.01,256.78,258.95
260.14,260.34,259.33,259.7
259.99,261.49,259.07,259.34
259.21,260.35,258.98,259.47
259.03,260.09,258.16,259.89
258.15,260.85,258.15,260.47
261.18,261.55,260.31,261.21
262.4,262.57,260.62,262.41
259.1,260.53,259.08,260.53
260.02,261.21,259.92,260.51
262.22,262.29,259.46,259.74
260.03,260.44,258.96,259.83
260.96,261.08,258.63,259.66
260.65,261.69,260.6,261.52
261.77,261.87,260.06,260.9
261.17,261.66,259.83,261.55
262.37,262.87,260.93,261.2
262.09,262.22,260.39,261.08
260.83,260.86,257.42,257.42
256.95,257.97,256.8,256.8
257.52,257.74,255.16,255.8
257.16,257.29,254.28,255.33
256.08,256.49,254.79,255.07
255.83,255.88,252.35,252.35
253.31,253.85,251.72,253.84
254.2,254.8,253.45,254.31
254.23,256.11,253.44,255.8
256.99,259.27,256.58,258.4
259.63,262.43,259.57,262.43
261.98,263.17,261.82,262.4
261.45,262.97,260.64,262.97
262.88,263.5,261.25,263.42
262.97,263.38,262.07,263.04
261.9,263.58,261.56,262.4
263.41,264.5,262.8,263.33
262.8,263.63,262.59,263.42
263.14,263.87,261.99,262.33
262.92,263.22,259.31,260.36
260.83,263.01,260.46,263.01
263.61,263.98,262.15,262.57
263.07,263.68,259.93,259.94
260.49,261.92,260.49,261.4
262.1,262.32,260.07,262.22
262.27,262.28,259.31,260.56
261.97,262.45,259.18,259.68
261.24,262.77,260.36,262.64
262.19,263.19,261.58,262.62
262.57,262.83,260.83,262.01
261.09,261.11,257.89,258.75
258.16,259.7,258.04,259.43
259.57,260.74,259.02,260.43
260.46,260.46,258.31,258.7
259.19,259.95,258.15,258.83
258.65,258.7,255.03,255.31
256.43,257.55,256,256.77
257.1,260.38,257.04,259.75
259.51,259.72,257.99,258.16
258.2,260.46,258.11,260.03
259.28,260.13,258.25,258.78
259.81,260.64,259.14,260.56
259.14,259.93,258.49,259.74
261.01,262.23,260.19,262.04
262.03,262.03,260.71,261.13
262.09,262.09,260.08,260.63
260.18,260.48,258.88,259.95
259.7,260.76,258.74,259.93
258.6,259.01,257.83,258.87
259.4,259.73,258.74,259.17
257.14,257.81,256.23,256.72
258.11,258.59,257.27,257.27
258.87,260.79,258.79,260.4
260.85,261.19,260.27,260.82
261.8,262.65,261.52,261.93
259.97,261.68,259.78,261.66
262.88,263.33,261.26,261.51
261.94,262.86,261.39,262.86
263.34,263.67,262,262.56
263.28,263.72,261.86,262.72
263.13,263.84,262.55,263.47
263.77,266.4,263.74,265.53
266.2,268.31,266.04,268.01
268.44,272.83,268.21,271.17
270.93,272.12,269.15,269.68
268.01,269.88,267.8,268.56
269.66,270.09,267.9,269.65
268.92,269.14,266.54,267.63
267.12,267.85,265.92,266.6
266.73,266.94,264.76,265.64
264.74,265.08,261.53,262.02
264.59,264.59,262.99,263.32
264.54,265.75,263.08,263.34
264.14,265.91,263.3,265.91
266.47,267.37,264.94,265.88
267.03,267.29,264.24,264.24
266.07,267.17,265.87,266.62
268.03,268.28,265.52,266.79
265.98,266.12,262.14,262.53
263.08,264.43,262.8,264.26
262.89,264.69,262.19,264.46
265.51,266.07,264.97,265.14
266.12,267.04,265.42,265.88
267.24,268.13,265.66,266.19
265.38,266.1,264.03,265.41
265.28,265.93,264.58,265.27
264.96,265,262.29,262.61
262.49,263.02,260.87,262.27
263.52,264.41,262.37,263.19
262.9,263.64,261.34,262.09
261.72,262.45,259.8,259.8
261.01,262.29,260.54,261.39
260.92,261.2,259.6,260.56
261.14,261.94,260.58,261.45
262.71,264.01,262.56,264.01
263.35,264.3,261.27,261.72
262.99,263.64,262.29,262.31
262.06,262.1,259.16,260.15
258.53,259.63,258.11,258.49
257.81,258.98,256.88,258.88
260.25,260.36,257.88,258.46
256.41,258.34,256.25,258.33
258.95,259.12,257.38,257.95
257.37,258.14,255.09,256.77
255.78,255.81,252.65,252.81
252.09,252.2,249.22,250.06
251.59,251.66,249.1,249.19
250.9,251.49,249.07,249.93
247.89,249.87,247.88,248.36
246.48,246.48,243.85,245.06
241.95,244.68,241.86,244.18
245.27,246.07,244.2,244.47
244.91,245.85,242.95,243.87
241.98,243.31,241.17,242.79
243.26,243.29,239.43,239.84
242.36,244.34,242.08,243.9
242.73,242.73,240.91,241.48
244.43,244.46,242.43,244.12
243.45,245.02,242.32,243.38
244.75,244.76,241.25,242.91
244.02,244.94,243.52,243.89
244.26,244.42,242.93,243.3
245.16,248.7,244.18,248.64
248.01,248.91,246.76,248.84
249.55,250.73,247.96,250.45
249.79,250.01,247.9,248.69
248.15,249.19,245.59,246.51
246.83,247.66,245.28,245.86
246.04,247.65,245.17,247.19
247.05,248.04,246.5,247.39
249.16,251.37,249.11,250.64
250.41,251.07,249.99,250.45
250.76,252.2,250.29,251.26
251.59,251.98,249.28,250.11
249.84,249.84,247.33,248.18
247.73,248.92,246.97,248.3
249.45,250.96,249.45,250.65
251.71,251.71,249.4,250.33
249.43,249.76,248.36,248.96
250.14,250.45,249.25,249.9
252.52,253.05,251.83,252.34
252.9,252.92,251.71,251.72
252.59,252.6,250.87,252
254.13,254.57,253.3,253.3
253.6,253.98,252.7,253.7
252.09,252.15,250.86,251.59
250.69,251.44,250.12,251.41
251.94,252.51,251.13,251.65
252.48,254.31,252.43,254.06
254.08,254.58,253.8,254.24
254.49,254.68,253.38,253.71
253.39,253.8,252.49,253.21
252.21,252.57,249.35,249.35
247.22,248.37,245.53,245.54
246.2,247.23,245.48,246.44
243.93,246.27,243.25,246.27
244.73,246.57,243.96,244.43
245.35,245.37,243.72,243.72
246.08,246.4,241.89,243.82
246.88,248.14,245.95,247.96
248.93,249.84,247.67,249.7
249.58,249.92,248.74,249.06
249.16,250.17,248.63,250.07
250.08,251.12,249.65,250.05
248.25,248.45,246.3,246.3
247.09,247.39,243.78,244.05
243.96,245.32,243.25,244.79
243.83,244.56,241.76,244.26
241.36,242.06,239.32,239.93
239.41,240.91,239.09,240.53
242.28,244.13,241.68,243.94
245.97,247.11,245.4,246.05
245.16,246.27,245.05,245.7
244.98,246.64,244.47,246.29
246.48,247.46,245.78,245.99
245.96,246.63,244.9,245.76
244.7,244.7,241.77,242.22
244.06,245.82,243.69,244.78
245.52,247.39,245.5,247.24
247.01,248.59,246.63,248.59
249.22,249.98,248.01,248.47
251.76,251.8,249.55,250.32
248.92,250.21,248.42,250.14
250.76,252.2,250.56,252.2
250.82,252.5,250.12,252.21
250.45,251.84,249.78,250.46
251.82,251.84,249.88,249.88
249.83,251.2,249.49,250.61
251.63,251.66,249.22,250.38
251.98,253.07,251.6,251.6
251.33,251.42,248.9,249.78
249.89,250.16,248.68,250.16
249.05,249.94,248.58,249.26
249.62,250.42,247.66,247.66
248.49,249.01,247.77,248.4
248.48,248.5,246.32,247.71
248.65,249.76,248.26,249.76
250.17,250.55,249.54,249.81
249.36,250.67,248.92,250.37
252.13,252.51,250.56,250.8
251.83,252.11,251.09,251.28
252.72,253.22,252.01,252.96
253.03,253.13,251.89,252.93
252.73,252.83,251.2,251.46
253.13,253.74,252.39,253.65
254.55,254.97,253.89,254.5
254.56,254.72,253.89,254.31
254.02,254.86,253.64,254.16
254.74,256.15,254.73,255.96
254.81,254.94,252.69,252.77
253.76,254.16,251.75,251.75
250.09,252.66,250.09,252.16
251.67,253.23,250.28,250.28
252.56,253.31,251.98,252.18
252.13,253.2,251.56,252.44
253.77,258.19,253.7,258.18
258.45,259.19,257.87,258.22
260.68,260.68,258.37,258.99
258.92,259.32,257.42,258.7
259.48,259.88,258.16,258.95
258.58,259.34,257.56,259.16
259.35,259.84,258.38,258.94
256.69,258.08,255.81,255.99
256.41,256.73,255.1,255.54
256.45,256.57,254.91,256.1
257.66,258.43,256.16,257.28
256.44,256.75,254.74,254.97
256.07,256.37,254.7,254.99
255.77,256.92,255.05,256.75
257.2,258.43,256.34,256.93
258.65,258.68,256.61,256.88
257.09,258.81,256.83,258.51
258.44,259.21,257.61,258.33
259.35,262.2,259.2,261.95
262.62,263.75,262.11,263.48
263.81,265.6,263.2,265.57
265.76,266.41,264.93,265.77
267.67,268.45,266.42,268.45
268.73,268.81,267.42,268.28
266.14,268.59,266.14,268.55
269.03,269.13,267.56,268.17
268.2,270.65,267.22,268.64
270.27,272.78,268.85,272.59
273.81,275.11,270.33,271.05
272.16,272.29,269.29,270.05
270.63,270.93,268.1,268.55
269.54,269.76,265.92,268.03
267.04,267.57,265.85,266.42
267.57,268.56,266.99,267.33
265.96,266.18,263.09,264.03
263.11,263.49,260.1,262.47
262.11,262.72,260.81,260.81
263.45,263.88,261.49,261.49
262.12,262.35,260.52,261.42
261.82,263.65,261.73,263.25
263.18,263.88,262.63,263.69
265.24,265.51,261.09,261.33
261.28,261.97,260.45,261.97
261.84,263.97,261.04,262.92
263.79,265.54,263.43,265.36
265.2,265.38,262.41,262.66
263.66,266.03,263.28,266.03
265.96,266.16,263.82,265.41
263.9,264.22,259.72,260.16
261.13,261.93,260.06,260.06
259.88,261.91,259.47,260.39
259.84,260,257.13,258.74
258.8,259.49,255.91,256.29
256.54,257.44,253.51,254.11
255.4,257.04,254.34,255.47
254.09,256.12,254,254.94
254.87,254.87,253.34,254.21
253.78,255.06,252.68,253.51
255.5,255.68,251.95,252.11
253.77,253.83,251.74,252.32
253.94,254.77,250.84,251.66
250.14,251.37,249.38,250.74
250.94,251,246.42,248.49
249.27,249.53,247.52,249.08
250.42,251.26,248.92,249.67
251.37,251.41,249.79,249.84
251.6,252.69,250.45,250.99
253.25,255.42,252.52,254.52
255.01,255.24,253.79,254.94
253.84,254.66,253.42,253.8
253.29,255.35,252.89,254.48
250.61,251.96,250.36,251.26
250.52,252.39,250.2,252.27
252.49,255.52,251.65,255.07
255.84,256.12,254.75,255.5
255.34,255.62,253.56,254.66
251.25,252.54,248.03,248.3
249.57,249.86,246.56,248.05
248.65,248.66,244.94,244.94
243.17,246.77,241.49,246.77
247.8,247.8,246.08,246.83
247,250.12,246.64,249.84
250.7,250.79,247.98,248.64
249.63,250.94,248.38,249.65
249.51,251.59,249.3,251.47
253.05,253.15,249.02,250.23
250.02,250.52,248.43,248.91
249.93,251.15,248.57,250.35
248.69,249.42,247.04,247.88
248.3,248.39,246.46,247.31
246.66,246.67,244.38,244.91
243.58,246.16,243.54,244.98
243.82,246.1,242.86,245.21
246.75,247.36,245.73,245.97
246.01,246.5,243.61,243.61
244.62,244.9,241.87,244.3
243.71,243.71,241.06,241.48
241.46,243.56,241.42,243.55
243.5,244.05,242.33,243.12
243.85,243.86,239.98,240.04
239.71,240.15,238.66,239.79
239.54,239.58,238.07,239.18
241.23,241.92,237.85,237.91
237.06,238.65,234.75,237.24
237.02,238.38,235.79,237.32
238.22,238.28,235.35,235.37
236.69,236.95,234.98,235.2
235.49,236.22,232.47,234.27
233.28,233.55,231.16,231.59
226.06,228.53,225.18,227.14
225.16,226.58,217.52,221.53
222.56,225.69,218.6,223.07
222.49,228.14,221.3,227.71
229.78,230.34,228.11,228.94
231.81,232.55,231.1,232.35
231.56,232.8,230.53,232.8
231.86,232.5,229.51,229.55
226.36,230.71,226.03,229.91
231.52,231.77,229.58,230.4
231.23,231.38,227.11,227.9
227.53,228.71,226.13,227.31
227.97,228.61,226.61,227.76
230.54,234.4,230.5,234.4
232.34,237.18,231.96,237.18
234.52,235.54,233.61,233.74
234.45,234.56,231.65,233.06
232.91,233.91,232.49,233.59
234.89,239.29,234.77,238.78
240.35,240.35,238.51,239.29
239.01,241.3,236.93,241.12
238.06,239.11,236.3,236.72
237.84,239.05,236.74,238.68
235.85,237.02,234.25,234.26
235.65,235.96,233.9,234.26
234.48,234.99,232.66,233.79
230.45,236.73,230.34,236.71
236.6,239.61,235.83,238.62
238.39,239.17,237.15,237.15
238.45,240.14,237.61,237.98
240.28,240.58,239.1,240.18
241.14,243.6,241.13,243.52
244.82,246.02,243.25,246.02
246.16,247.49,245.29,246.49
246.22,247.04,245.1,246.04
245.43,245.74,243.91,244.94
244.82,248.53,244.69,247.89
248.34,248.35,246.71,247.37
247.49,248.19,246.44,247.47
247.57,248.72,247.07,248.53
248.4,250.59,247.93,249.25
249.04,249.43,246.69,247.22
249.82,251.32,248.97,249.41
250.58,250.63,249.38,250.36
249.52,250.18,248.71,250.04
250.03,250.03,248.33,249.79
251.19,253.41,248.85,248.93
249.2,250.87,248.83,249.41
249.86,250.66,249.33,250.6
251.44,252.94,251.33,252.12
252.74,253.22,251.11,252.33
251.77,252.13,250.58,251.79
251.53,252.05,249.8,250.25
249.87,250.01,248.29,249.21
247.77,247.84,244.94,245.86
245.47,246.65,244.13,245.86
245.73,245.97,245,245.14
243.16,243.98,242.56,242.71
239.41,240.81,238.84,238.87
241.99,242.93,240.93,241.26
241.76,242.65,241.16,241.44
243.1,244.79,242.54,244.79
244.74,245.5,244.31,244.8
245.48,246.86,244.94,245.92
245.96,248.05,245.77,247.51
247.79,247.85,246.45,246.58
247.21,249.91,247.21,249.43
250.46,250.6,248.93,249.07
248.3,248.4,243.85,244.24
245.47,249.08,245.39,248.7
248.9,249,246.6,246.6
245.46,245.49,243.12,244.68
241.86,243.31,241.64,242.15
243.76,243.81,240.67,240.68
240.86,241.77,239.19,239.23
239.59,240.3,238.67,239.4
239.28,241.31,238.99,240.6
240.65,241.83,239.78,240.35
237.55,238.49,236.94,238.17
239.13,239.54,237.98,238.8
240.89,244.37,240.82,243.49
245.2,245.69,242.77,244.17
241.71,244.14,241.42,243
243.01,244.69,242.01,243.76
244.06,245.51,242.58,245.48
245.64,247.49,244.97,246.53
247.81,247.96,245.33,245.33
245.38,245.51,241.79,241.79
240.69,241.61,238.9,241.22
242.13,242.42,240.03,240.38
239.3,239.35,234.63,234.63
233.96,237.25,233.96,236.13
236.48,236.48,233.27,234.6
233.23,234.54,231.52,231.93
230.4,233.78,229.91,233.68
230.77,232.27,230.34,230.83
232.45,232.85,230.25,230.55
232.24,234.26,231.89,233.52
230.68,231.52,229.41,231.38
233.38,233.76,228.01,228.78
225.56,229.16,225.33,228.59
228.79,230.12,227.03,230.08
229.29,229.3,222.92,224.54
224.83,226.61,223.81,223.81
226.35,228.79,226.31,228.79
229.98,231.37,228.99,230.21
228.66,229.06,226.16,227.19
229.19,231.13,228.83,230.96
229.07,231.62,228.02,231.51
230.97,232.1,228.8,232.1
232.87,233.84,232.13,233.67
232.27,232.95,231.05,231.1
229.29,229.36,227.77,228.97
230.3,232.94,230.12,232.91
232.73,233.93,232.27,233.3
227.77,228.35,226.26,226.7
225.5,226.63,223.37,224.98
227.84,228.81,226.86,228.4
229.26,232.13,228.87,231.52
231.66,233.3,230.87,231.94
235.08,235.11,233.52,234.74
234.11,235.31,233.47,235.27
234.58,235.73,233.78,234.95
236.54,236.67,234.42,235.03
234.3,235.58,233.96,234.91
235.57,236.91,233.87,235.37
236.39,236.46,234.86,235.22
235.4,236.28,234.63,234.63
238.45,239.08,238.08,238.63
240.2,240.2,238.68,240.09
239.84,240.31,238.93,239.74
240.47,240.91,239.84,240.21
240.27,240.27,237.32,238.44
237.64,239.13,237.21,239.13
239.91,242.51,239.47,241.43
241.29,242.62,241.17,241.97
243.9,243.94,241.93,242.15
242.47,243,241.28,241.83
242.04,243.43,241.63,242.35
243.65,245.84,243.58,244.09
245.25,245.27,243.72,244.63
245.44,245.95,243.2,244.28
244.75,245.41,244.06,245.41
245.33,246.18,244.45,245.23
244.3,245,243.31,244.08
244.61,244.65,243.33,243.79
243.86,244.96,243.66,243.95
244.55,245.88,244.11,245.53
246.98,247.58,246.07,246.54
246.95,247.26,244.55,245.86
245.59,245.66,241.82,242.36
242.38,243.06,241.73,243.05
242.1,242.25,240.28,240.58
240.85,242.59,240.65,241.99
243.05,243.27,241.03,242.29
240.59,241.84,239.57,241.77
241.79,242.29,240.65,242.06
242.05,243.94,241.72,243.71
247.01,248.9,246.76,248.89
248.47,249.03,247.68,248.53
246.7,248.04,246.32,248
248.67,249.34,247.49,247.88
248.63,249.56,247.26,247.26
248.45,249.5,247.92,249.39
248.44,248.86,247.74,248.32
248.33,248.45,247.08,248.13
247.81,249.22,247.7,248.92
248.87,249.09,248.28,248.69
249.42,249.52,245.91,246.27
245.9,246.01,243.89,245.2
244.86,244.88,243.27,243.47
244.88,244.9,243.48,244.29
243.29,243.85,242.23,243.31
242.84,243.11,241.63,242.23
241.97,243.68,241.77,243.68
244.39,244.39,241.99,243.07
242.23,243.12,241.66,242.34
242.61,242.73,240.03,240.6
240.01,241.32,240.01,240.82
241.67,241.81,240.26,241.03
240.32,240.46,238.14,239.82
239.45,239.68,238.47,239.04
238.67,239.59,238.23,238.74
239.6,240.08,237.81,239.85
239.28,239.48,237.65,237.65
239.68,241.45,239.28,240.91
241.56,242.05,240.45,240.58
241.25,242.41,240.74,241.85
241.94,242.07,240.41,241.73
241.03,243.84,240.36,243.63
242.7,244.19,242.48,243.58
243.88,244.66,243.31,244.18
244.94,244.94,243.67,244.39
245.55,247.86,245.54,247.85
248.24,250.04,247.68,250.04
250.19,251.51,248.46,250.19
249.86,249.86,248.63,248.96
246.74,246.96,243.7,244.05
243.79,244.46,242.36,243.35
243.41,244.16,242.19,243.3
243.66,244,240.52,241.61
243.35,244.02,241.32,241.63
244.44,245.63,243.74,245.17
244.6,245.5,243.99,245.34
245.17,247.03,244.79,246.75
246.42,246.81,245.64,246.31
248.23,248.27,234.97,239.21
236.79,239.28,236.68,239.28
236.78,240.46,236.73,240.08
241.29,243.71,240.68,242.32
244.25,244.48,242.52,244.14
244.96,247.57,244.78,246.52
246.66,247.94,246.16,247.62
247.67,247.84,246.51,246.91
245.37,245.74,240.73,241.86
243.15,245.02,242.63,244.6
244.3,245.4,242.72,243.43
245.64,247.42,245.44,246.99
247.36,248.35,246.62,247.14
249.44,250.26,247.74,249.25
248.95,249.96,248.36,249.8
250.61,251.72,249.99,251.02
251.08,251.65,250.31,251.52
251.64,251.76,250.08,250.97
250.37,250.66,249.08,250.66
251.11,251.36,249.72,250.44
249.43,250.7,248.97,250.04
250.4,251.49,249.69,250.65
250.19,252.76,249.9,252.72
252.63,253.2,252.13,252.73
253.27,253.34,251,251.86
252.24,253.37,251.48,251.48
252.91,254.02,252.81,253.81
252.8,253.14,251.76,251.93
250.56,250.56,248.6,248.65
250.22,250.34,248.65,249.24
250.21,252.4,249.96,252.36
253.34,254.18,252.51,254.11
254.38,256.24,254.19,255.85
255.68,256.31,255.06,255.43
255.14,256.18,254.24,256.18
256.86,257.88,255.7,256.17
256.95,258.13,256.12,256.15
255.82,256.32,254.6,256.04
256.62,258.23,255.8,258.11
258.42,258.84,257.54,258.69
258.54,258.63,256.92,257.27
257.57,258.63,257.09,258.42
258.4,258.65,256.54,257.3
256.78,257.76,256,257.26
256.17,256.76,255.02,256.23
254.93,256.66,254.45,256.49
257.27,258.93,257,257.49
257.21,257.49,255.9,256.87
254.95,256.13,253.86,256.03
256.16,256.73,255.57,256.5
257.85,259.74,257.63,259.64
259.39,261.16,259.26,260.93
261.15,262.1,260.31,260.31
260.72,261.48,259.41,260.86
258.68,258.94,256.21,257.31
252.37,253.43,250.53,250.53
253.39,253.55,251.66,251.77
251.51,254.54,251.38,253.93
253.86,255.23,253.33,255.09
254.65,256.55,254.56,256.52
258.46,259.99,258.13,258.34
258.44,259.14,257.71,258.37
258.07,259.32,256.9,257.48
256.16,259.87,255.16,259.57
259.32,259.46,257.96,258.21
259.6,260.95,259.6,260.35
258.3,258.91,257.29,257.49
259.51,259.74,258.55,259.18
257.51,259.49,256.67,258.99
261.6,261.68,259.65,261.13
261.17,261.53,259.73,260.06
258.85,260.71,257.68,260.31
259.29,260.4,255.93,256.15
254.69,256.67,254.56,256.2
256.19,256.6,253.79,253.93
254.7,255.91,254.66,255.09
255.9,257.07,253.71,256.19
256.17,258.04,255.99,257.98
257.25,259.67,257.17,258.21
258.55,259.28,257.8,258.41
258.16,258.39,256.82,257.26
257.83,259.48,257.76,259.48
258.79,258.92,257.82,258.57
257.73,257.73,254.13,255.52
256.25,256.99,255.62,256.66
256.45,257.3,255.89,256.53
255.6,256.66,255.21,255.93
255.35,256.3,253.51,255.99
254.27,254.77,252.33,252.83
252.44,253.74,251.72,252.9
252.85,253.29,251.86,252.57
254.79,255.42,254,254.6
256.2,256.31,254.1,255.26
255.83,257.03,246.51,249.67
253.8,255.31,252.64,255.31
252.93,253.88,251.9,251.99
251.59,252.36,250,250.01
250.39,250.93,249.18,249.2
250.93,251.54,250.23,250.32
249.62,250.86,248.71,250.46
250.9,251.02,249.23,250.21
249.7,250.8,248.93,249.51
250.85,252.85,250.47,252.37
253.09,254.71,252.22,253.66
253.22,253.71,251.44,252.03
252.19,252.84,251.64,252.26
252.46,253.63,250.87,252.96
252.98,253.63,252.32,252.91
253.2,255,252.86,254.26
254.84,255.23,254.06,254.48
253.93,254.22,252.06,252.88
252.12,253.04,251.52,252.14
253.88,256.27,253.85,255.63
256.57,257.05,255.96,256.34
258.79,262,258.63,262
261.24,261.29,260.34,260.91
261.59,261.69,259.89,260.72
260.38,261.72,260.08,261.63
262.64,262.86,261.12,262
259.9,262.08,259.82,261.45
261.59,262.91,261.16,262.56
262.03,263.22,261.86,261.93
262.78,263.26,262.14,262.59
263.76,264.42,262.1,262.1
262.71,262.92,261.66,261.97
262.1,262.26,261.3,261.61
261.83,262.27,261.36,261.9
262.35,262.85,261.79,262.49
259.65,260.59,259.52,259.7
259.02,260.04,258.62,260.01
259.42,261.21,258.64,260.36
261.55,263,260.72,262.97
263.19,263.27,262.47,263.12
262.88,262.94,261.64,261.98
263.01,263.61,262.66,263.2
263.83,264.55,263.34,263.74
263.15,263.88,262.83,263.73
264.24,268.91,264.18,268.15
268.48,269.95,267.93,269.95
268.34,268.68,267.66,267.91
267.71,268.53,265.37,266.15
266.65,268.53,266.33,267.37
267.64,267.96,265.37,267.08
269.3,270.01,266.39,267.7
266.45,267.35,266.18,266.52
266.77,267.84,265.53,267.12
267.79,268.25,266.24,267.3
268.65,269.04,267.28,268.15
269.15,271.21,268.47,270.48
269.61,270,268.09,268.09
269.16,269.97,268.87,269.56
269.63,271.25,268.01,268.49
269.1,269.62,267.37,268.85
270.65,271.08,268.75,269.49
269.52,269.68,268.51,268.97
268.51,268.56,265.76,267.72
267.99,268.91,267.21,267.69
269.04,269.72,268.43,268.66
268.48,268.85,267.88,268.81
268.82,269.34,267.05,267.9
267.64,269.47,267.06,268.81
269.48,270.22,268.32,268.93
267.6,269.02,267.6,268.84
269.41,269.92,268.57,269.73
269.9,273.13,269.7,272.11
272.61,273.15,271.96,272.85
272.61,273.18,272.18,272.89
272.61,272.84,269.76,270.38
270.35,270.62,268.72,268.97
269.27,270.62,269.1,270.06
272.14,273.34,271.35,272.65
271.03,271.48,268.77,269.77
269.07,270.74,268.36,270.41
270.22,272.45,269.96,271.87
271.65,273.21,271.32,272.29
272.73,272.97,271.56,271.62
271.08,273,270.24,272.29
273.03,276.25,272.79,275.41
276.8,278.2,276.51,277.89
276.91,278.22,276.78,277.89
280.99,281.35,279.26,280.11
280.02,281.95,279.65,281.86
281.08,281.16,280,280.75
281.54,284.4,281.23,283.84
281.07,282.66,280.85,282.63
283.29,284.38,282.58,282.81
282.66,284,281.49,282.31
281.1,281.79,279.98,280.36
281.85,282.24,280.5,281.25
282.52,282.54,281.27,281.86
282.44,283.11,280.95,281.66
282.03,282.09,280.63,280.64
